brand_name,generic_name,category,manufacturer,shape,controlled,reorder_level_base,unit1_name,unit1_rate,unit2_name,unit2_per_unit1,unit2_rate,unit3_name,unit3_per_unit2,unit3_rate,default_sell_unit
AASMA XR-150MG,,Medicine,,tablet,No,100,Tablet,,Strip,10,,Box,10,,2
ABEN SUSP.,,Medicine,,bottle,No,10,Bottle,,,,,,,,1
ABHAYRAB- INJ.(ANTI RABIES),,Medicine,,vial,No,10,Vial,,,,,,,,1
ACAR-25MG,,Medicine,,tablet,No,100,Tablet,,Strip,10,,Box,10,,2
ACAR-50MG,,Medicine,,tablet,No,100,Tablet,,Strip,10,,Box,10,,2
ACBOZ-25,,Medicine,,tablet,No,100,Tablet,,Strip,10,,Box,10,,2
ACE-125MG SUPPOSITORIES,,Medicine,,box,No,10,Piece,,,,,,,,1
ACE-250MG SUPPOSITORIES,,Medicine,,box,No,10,Piece,,,,,,,,1
ACECLO-100MG,,Medicine,,tablet,No,100,Tablet,,Strip,10,,Box,10,,2
ACENAC SR 200 MG,,Medicine,,tablet,No,100,Tablet,,Strip,10,,Box,10,,2
ACFEN-100 MG,,Medicine,,tablet,No,100,Tablet,,Strip,10,,Box,10,,2
ACFEN-200SR,,Medicine,,tablet,No,100,Tablet,,Strip,10,,Box,10,,2
ACILOC INJ.,,Medicine,,vial,No,10,Vial,,,,,,,,1
ACIV CREAM,,Medicine,,tube,No,6,Tube,,,,,,,,1
ACIV-800MG,,Medicine,,tablet,No,100,Tablet,,Strip,10,,Box,10,,2
ACLOV CREAM 10 G,,Medicine,,tube,No,6,Tube,,,,,,,,1
ACLOV SYP,,Medicine,,bottle,No,10,Bottle,,,,,,,,1
ACNE DERMA FACE WASH,,Medicine,,bottle,No,10,Bottle,,,,,,,,1
ACNEGUARD FACE WASH GEL-50GRAM,,Medicine,,tube,No,6,Tube,,,,,,,,1
ACNESCAR,,Medicine,,tablet,No,100,Tablet,,Strip,10,,Box,10,,2
ACTICET TAB.,,Medicine,,tablet,No,100,Tablet,,Strip,10,,Box,10,,2
ACULAR LS OPTHALMIC SOL'N,,Medicine,,tablet,No,100,Tablet,,Strip,10,,Box,10,,2
ADACLIN GEL,,Medicine,,tube,No,6,Tube,,,,,,,,1
AER POCKET,,Medicine,,tablet,No,100,Tablet,,Strip,10,,Box,10,,2
AFLAM SYRUP 50 ML,,Medicine,,bottle,No,10,Bottle,,,,,,,,1
AIRTEC FB 200,,Medicine,,tablet,No,100,Tablet,,Strip,10,,Box,10,,2
AIRTEC FB 400 MCG,,Medicine,,tablet,No,100,Tablet,,Strip,10,,Box,10,,2
AIWIBI DIAPER M,,Medicine,,tablet,No,100,Tablet,,Strip,10,,Box,10,,2
AIWIBI DIAPER NB,,Medicine,,tablet,No,100,Tablet,,Strip,10,,Box,10,,2
AIWIBI XL 36,,Medicine,,tablet,No,100,Tablet,,Strip,10,,Box,10,,2
ALBICAN .V GEL,,Medicine,,tube,No,6,Tube,,,,,,,,1
ALDACE 25MG,,Medicine,,tablet,No,100,Tablet,,Strip,10,,Box,10,,2
ALERNIL Suspension,,Medicine,,bottle,No,10,Bottle,,,,,,,,1
ALERSEF 5,,Medicine,,tablet,No,100,Tablet,,Strip,10,,Box,10,,2
ALERSET SYP,,Medicine,,bottle,No,10,Bottle,,,,,,,,1
ALEX PLUS PEAD DROP 15ML,,Medicine,,drops,No,6,Bottle,,,,,,,,1
ALIN-10MG,,Medicine,,tablet,No,100,Tablet,,Strip,10,,Box,10,,2
ALL OUT MACHINE,,Medicine,,tablet,No,100,Tablet,,Strip,10,,Box,10,,2
ALL OUT REFILL,,Medicine,,tablet,No,100,Tablet,,Strip,10,,Box,10,,2
ALORA-10MG,,Medicine,,tablet,No,100,Tablet,,Strip,10,,Box,10,,2
ALSARTAN-50MG,,Medicine,,tablet,No,100,Tablet,,Strip,10,,Box,10,,2
ALZIN TAB,,Medicine,,tablet,No,100,Tablet,,Strip,10,,Box,10,,2
AM CLAV 375,,Medicine,,tablet,No,100,Tablet,,Strip,10,,Box,10,,2
AM-CLAV-625MG,,Medicine,,tablet,No,100,Tablet,,Strip,10,,Box,10,,2
AMACE-100 MG,,Medicine,,tablet,No,100,Tablet,,Strip,10,,Box,10,,2
AMBRODIL DROPS,,Medicine,,drops,No,6,Bottle,,,,,,,,1
AMBRODIL SYRUP,,Medicine,,bottle,No,10,Bottle,,,,,,,,1
AMBRODIL TAB,,Medicine,,tablet,No,100,Tablet,,Strip,10,,Box,10,,2
AMCAB-5MG,,Medicine,,tablet,No,100,Tablet,,Strip,10,,Box,10,,2
AMCOBAL 1500 DT,,Medicine,,tablet,No,100,Tablet,,Strip,10,,Box,10,,2
AMFAST-5MG,,Medicine,,tablet,No,100,Tablet,,Strip,10,,Box,10,,2
AMFAST-AT,,Medicine,,tablet,No,100,Tablet,,Strip,10,,Box,10,,2
AMFAST-L,,Medicine,,tablet,No,100,Tablet,,Strip,10,,Box,10,,2
AMFAST-LH,,Medicine,,tablet,No,100,Tablet,,Strip,10,,Box,10,,2
AMILAX TAB,,Medicine,,tablet,No,100,Tablet,,Strip,10,,Box,10,,2
AMLOD AT,,Medicine,,tablet,No,100,Tablet,,Strip,10,,Box,10,,2
AMLOD-2.5MG,,Medicine,,tablet,No,100,Tablet,,Strip,10,,Box,10,,2
AMLOD-5MG,,Medicine,,tablet,No,100,Tablet,,Strip,10,,Box,10,,2
AMLOD-L,,Medicine,,tablet,No,100,Tablet,,Strip,10,,Box,10,,2
AMLOD-LH,,Medicine,,tablet,No,100,Tablet,,Strip,10,,Box,10,,2
AMLONG-A,,Medicine,,tablet,No,100,Tablet,,Strip,10,,Box,10,,2
AMTAS AT,,Medicine,,tablet,No,100,Tablet,,Strip,10,,Box,10,,2
AMTAS-2.5MG,,Medicine,,tablet,No,100,Tablet,,Strip,10,,Box,10,,2
AMTAS-5MG,,Medicine,,tablet,No,100,Tablet,,Strip,10,,Box,10,,2
ANASEN-500 MG DT,,Medicine,,tablet,No,100,Tablet,,Strip,10,,Box,10,,2
ANKLE BINDER MEDIUM(FLAMINGO),,Medicine,,tablet,No,100,Tablet,,Strip,10,,Box,10,,2
ANOMYCETIN EYE OINTMENT,,Medicine,,tube,No,6,Tube,,,,,,,,1
ANTI THYROX 10,,Medicine,,tablet,No,100,Tablet,,Strip,10,,Box,10,,2
ANTI THYROX 5,,Medicine,,tablet,No,100,Tablet,,Strip,10,,Box,10,,2
ANTIKOF TABLET,,Medicine,,tablet,No,100,Tablet,,Strip,10,,Box,10,,2
APET SYRUP-100ML,,Medicine,,bottle,No,10,Bottle,,,,,,,,1
APET-4MG,,Medicine,,tablet,No,100,Tablet,,Strip,10,,Box,10,,2
APETONE-100ML,,Medicine,,bottle,No,10,Bottle,,,,,,,,1
APETONE-200ML,,Medicine,,bottle,No,10,Bottle,,,,,,,,1
ARBITEL-20MG,,Medicine,,tablet,No,100,Tablet,,Strip,10,,Box,10,,2
ARBIVIT 3 DROPS,,Medicine,,drops,No,6,Bottle,,,,,,,,1
ARBO-50MG,,Medicine,,tablet,No,100,Tablet,,Strip,10,,Box,10,,2
ARCETRIN -10 MG,,Medicine,,tablet,No,100,Tablet,,Strip,10,,Box,10,,2
ARDOCIN 10,,Medicine,,tablet,No,100,Tablet,,Strip,10,,Box,10,,2
ARFUS-B CREAM 10GM,,Medicine,,tube,No,6,Tube,,,,,,,,1
ARGEL (ANTAACID) 170 ML,,Medicine,,bottle,No,10,Bottle,,,,,,,,1
ARHEX GARGLE 100ML,,Medicine,,bottle,No,10,Bottle,,,,,,,,1
ARISTOZYME 200ML,,Medicine,,bottle,No,10,Bottle,,,,,,,,1
ARISTOZYME CAP,,Medicine,,capsule,No,100,Capsule,,Strip,10,,Box,10,,2
ARM SLINF LARGE SIZE,,Medicine,,tablet,No,100,Tablet,,Strip,10,,Box,10,,2
ARM SLING MEDIUM SIZE,,Medicine,,tablet,No,100,Tablet,,Strip,10,,Box,10,,2
ARMETRO-400 MG,,Medicine,,tablet,No,100,Tablet,,Strip,10,,Box,10,,2
ARNIMS 100,,Medicine,,tablet,No,100,Tablet,,Strip,10,,Box,10,,2
AROVIA-M 50/1000,,Medicine,,tablet,No,100,Tablet,,Strip,10,,Box,10,,2
AROVIA-M 50/500,,Medicine,,tablet,No,100,Tablet,,Strip,10,,Box,10,,2
AROVIT 60K,,Medicine,,tablet,No,100,Tablet,,Strip,10,,Box,10,,2
ARSIL D,,Medicine,,tablet,No,100,Tablet,,Strip,10,,Box,10,,2
ARSIL DX 100 ML,,Medicine,,bottle,No,10,Bottle,,,,,,,,1
ARSOL SYRUP-100ML,,Medicine,,bottle,No,10,Bottle,,,,,,,,1
ARVAST-10MG,,Medicine,,tablet,No,100,Tablet,,Strip,10,,Box,10,,2
ARYADINE 10% SOLUTION (BETADINE )100ML),,Medicine,,bottle,No,10,Bottle,,,,,,,,1
ARYADINE 5% SOLUTION 30ML,,Medicine,,bottle,No,10,Bottle,,,,,,,,1
ARYADINE GARGLE,,Medicine,,bottle,No,10,Bottle,,,,,,,,1
ARYAGRA - 50 MG,,Medicine,,tablet,No,100,Tablet,,Strip,10,,Box,10,,2
ASCOR SERUM,,Medicine,,tablet,No,100,Tablet,,Strip,10,,Box,10,,2
ASCORIL - BT,,Medicine,,tablet,No,100,Tablet,,Strip,10,,Box,10,,2
ASCORIL-D SYRUP,,Medicine,,bottle,No,10,Bottle,,,,,,,,1
ASOM-40MG,,Medicine,,tablet,No,100,Tablet,,Strip,10,,Box,10,,2
ASTAT-10MG,,Medicine,,tablet,No,100,Tablet,,Strip,10,,Box,10,,2
ASTAT-20MG,,Medicine,,tablet,No,100,Tablet,,Strip,10,,Box,10,,2
ASTHALIN INHALER,,Medicine,,box,No,5,Inhaler,,,,,,,,1
ASTHALIN RESPULES,,Medicine,,box,No,5,Inhaler,,,,,,,,1
ASTHALIN ROTACAPS,,Medicine,,box,No,5,Inhaler,,,,,,,,1
ATECARD-D,,Medicine,,tablet,No,100,Tablet,,Strip,10,,Box,10,,2
ATOR-10MG,,Medicine,,tablet,No,100,Tablet,,Strip,10,,Box,10,,2
ATOR-20MG,,Medicine,,tablet,No,100,Tablet,,Strip,10,,Box,10,,2
ATORFIT 10MG,,Medicine,,tablet,No,100,Tablet,,Strip,10,,Box,10,,2
ATORTIN-10MG,,Medicine,,tablet,No,100,Tablet,,Strip,10,,Box,10,,2
ATORTIN-20MG,,Medicine,,tablet,No,100,Tablet,,Strip,10,,Box,10,,2
AVASTOR 10,,Medicine,,tablet,No,100,Tablet,,Strip,10,,Box,10,,2
AXAPARA INJ,,Medicine,,vial,No,10,Vial,,,,,,,,1
AZIEWL 500,,Medicine,,tablet,No,100,Tablet,,Strip,10,,Box,10,,2
AZILEB 100MG DS,,Medicine,,tablet,No,100,Tablet,,Strip,10,,Box,10,,2
AZIMIN 500,,Medicine,,tablet,No,100,Tablet,,Strip,10,,Box,10,,2
AZIREST-500MG,,Medicine,,tablet,No,100,Tablet,,Strip,10,,Box,10,,2
AZITECH 200/30ML,,Medicine,,bottle,No,10,Bottle,,,,,,,,1
AZITHRAL-100MG SUSP,,Medicine,,bottle,No,10,Bottle,,,,,,,,1
AZITHRAL-200MG SUSP,,Medicine,,bottle,No,10,Bottle,,,,,,,,1
AZITHRO 250 MG TAB,,Medicine,,tablet,No,100,Tablet,,Strip,10,,Box,10,,2
AZITHRO 500 MG,,Medicine,,tablet,No,100,Tablet,,Strip,10,,Box,10,,2
AZITHRO-100MG SUSPENSION,,Medicine,,bottle,No,10,Bottle,,,,,,,,1
AZITHRO-200 SUSP,,Medicine,,bottle,No,10,Bottle,,,,,,,,1
AZOCIN-500MG,,Medicine,,tablet,No,100,Tablet,,Strip,10,,Box,10,,2
AZONE-500MG,,Medicine,,tablet,No,100,Tablet,,Strip,10,,Box,10,,2
AZRO - 200 MG,,Medicine,,tablet,No,100,Tablet,,Strip,10,,Box,10,,2
B.P. MACHINE TD-3124B(U-RIGHT),,Medicine,,tablet,No,100,Tablet,,Strip,10,,Box,10,,2
BABY DOLL TOOTH BRUSH,,Medicine,,tablet,No,100,Tablet,,Strip,10,,Box,10,,2
BABY EAR BUDS,,Medicine,,tablet,No,100,Tablet,,Strip,10,,Box,10,,2
BABY MASK,,Medicine,,tablet,No,100,Tablet,,Strip,10,,Box,10,,2
BABY RUB,,Medicine,,tablet,No,100,Tablet,,Strip,10,,Box,10,,2
BABY SOAP,,Medicine,,box,No,10,Piece,,,,,,,,1
BABY TOOTH BRUSH,,Medicine,,tablet,No,100,Tablet,,Strip,10,,Box,10,,2
BABY U SHANED TOOTHBRUSH,,Medicine,,tablet,No,100,Tablet,,Strip,10,,Box,10,,2
BABYRUB VICKS,,Medicine,,tablet,No,100,Tablet,,Strip,10,,Box,10,,2
BABYTONE DROPS-60ML,,Medicine,,drops,No,6,Bottle,,,,,,,,1
BACFEN 10,,Medicine,,tablet,No,100,Tablet,,Strip,10,,Box,10,,2
BALAMRIT 110 ML,,Medicine,,bottle,No,10,Bottle,,,,,,,,1
BATHING HAT,,Medicine,,tablet,No,100,Tablet,,Strip,10,,Box,10,,2
BECTO-500MG,,Medicine,,tablet,No,100,Tablet,,Strip,10,,Box,10,,2
BELLADONA TAPE,,Medicine,,tablet,No,100,Tablet,,Strip,10,,Box,10,,2
BENAKOF-BM 100,,Medicine,,tablet,No,100,Tablet,,Strip,10,,Box,10,,2
BENFOT - 150 MG,,Medicine,,tablet,No,100,Tablet,,Strip,10,,Box,10,,2
BENPEROX GEL,,Medicine,,tube,No,6,Tube,,,,,,,,1
BENTAB 400,,Medicine,,tablet,No,100,Tablet,,Strip,10,,Box,10,,2
BENZEX PLUS,,Medicine,,tablet,No,100,Tablet,,Strip,10,,Box,10,,2
BENZEX-2MG,,Medicine,,tablet,No,100,Tablet,,Strip,10,,Box,10,,2
BETA-2 (SALBUTAMOL SYRUP ),,Medicine,,bottle,No,10,Bottle,,,,,,,,1
BETA-2 EXPECTORANT,,Medicine,,tablet,No,100,Tablet,,Strip,10,,Box,10,,2
BETADINE OINTMENT,,Medicine,,tube,No,6,Tube,,,,,,,,1
BETADINE-500ML,,Medicine,,bottle,No,10,Bottle,,,,,,,,1
BETAGEN C CREAM,,Medicine,,tube,No,6,Tube,,,,,,,,1
BETAGEN OINT-15G.,,Medicine,,tube,No,6,Tube,,,,,,,,1
BETAGEN-N CREAM-20GM,,Medicine,,tube,No,6,Tube,,,,,,,,1
BETASALIC OINT-20GR.,,Medicine,,tube,No,6,Tube,,,,,,,,1
BETNOR E/E DROPS,,Medicine,,drops,No,6,Bottle,,,,,,,,1
BEXOVIT TAB,,Medicine,,tablet,No,100,Tablet,,Strip,10,,Box,10,,2
BHASKARZYME 100 ML,,Medicine,,bottle,No,10,Bottle,,,,,,,,1
BHASKARZYME-200 ML,,Medicine,,bottle,No,10,Bottle,,,,,,,,1
BICO-Z SYP 200ML,,Medicine,,bottle,No,10,Bottle,,,,,,,,1
BIFILAC CASPSULES,,Medicine,,tablet,No,100,Tablet,,Strip,10,,Box,10,,2
BIFILAC DRY SYRUP 50 ML,,Medicine,,bottle,No,10,Bottle,,,,,,,,1
BIOLAC CAP,,Medicine,,capsule,No,100,Capsule,,Strip,10,,Box,10,,2
BISOLOL-5MG,,Medicine,,tablet,No,100,Tablet,,Strip,10,,Box,10,,2
BORIC ACID-20GMS,,Medicine,,tablet,No,100,Tablet,,Strip,10,,Box,10,,2
BORO PLUS OINTMENT,,Medicine,,tube,No,6,Tube,,,,,,,,1
BOROLINE 40G,,Medicine,,tablet,No,100,Tablet,,Strip,10,,Box,10,,2
BOROLINE CREAM,,Medicine,,tube,No,6,Tube,,,,,,,,1
BOROLINE SMALL,,Medicine,,tablet,No,100,Tablet,,Strip,10,,Box,10,,2
BRANTON-500MG,,Medicine,,tablet,No,100,Tablet,,Strip,10,,Box,10,,2
BREAST PUMP,,Medicine,,tablet,No,100,Tablet,,Strip,10,,Box,10,,2
BRICA BM ( ADULT),,Medicine,,tablet,No,100,Tablet,,Strip,10,,Box,10,,2
BRICA BM (PEDIA),,Medicine,,tablet,No,100,Tablet,,Strip,10,,Box,10,,2
BRONCHODYNE SYRUP -100 ML,,Medicine,,bottle,No,10,Bottle,,,,,,,,1
BRUCET TAB.,,Medicine,,tablet,No,100,Tablet,,Strip,10,,Box,10,,2
BRUFLAM,,Medicine,,tablet,No,100,Tablet,,Strip,10,,Box,10,,2
BRUFLAM SUSPENSION 60 ML,,Medicine,,bottle,No,10,Bottle,,,,,,,,1
BUDECORT RES.0.5MG*************,,Medicine,,tablet,No,100,Tablet,,Strip,10,,Box,10,,2
BUDECORT-200ROTACAPS,,Medicine,,tablet,No,100,Tablet,,Strip,10,,Box,10,,2
BUDECORT-400 ROTACAPS,,Medicine,,box,No,5,Inhaler,,,,,,,,1
BUSCOREST INJ,,Medicine,,vial,No,10,Vial,,,,,,,,1
BUSTOP -100ML,,Medicine,,bottle,No,10,Bottle,,,,,,,,1
BUSTOP 200ML,,Medicine,,bottle,No,10,Bottle,,,,,,,,1
CAFCET TAB,,Medicine,,tablet,No,100,Tablet,,Strip,10,,Box,10,,2
CALAMINA LOTION-100ML,,Medicine,,bottle,No,10,Bottle,,,,,,,,1
CALCIGEN F TAB,,Medicine,,tablet,No,100,Tablet,,Strip,10,,Box,10,,2
CALCIMAX TAB,,Medicine,,tablet,No,100,Tablet,,Strip,10,,Box,10,,2
CALCIROL GRANULES,,Medicine,,sachet,No,30,Sachet,,Strip,10,,Box,10,,2
CALCITATE TAB,,Medicine,,tablet,No,100,Tablet,,Strip,10,,Box,10,,2
CALDOZ-D,,Medicine,,tablet,No,100,Tablet,,Strip,10,,Box,10,,2
CALIN LOTION-100ML,,Medicine,,bottle,No,10,Bottle,,,,,,,,1
CALSUP-500MG,,Medicine,,tablet,No,100,Tablet,,Strip,10,,Box,10,,2
CALVIT CCM,,Medicine,,tablet,No,100,Tablet,,Strip,10,,Box,10,,2
CALVIT-500MG,,Medicine,,tablet,No,100,Tablet,,Strip,10,,Box,10,,2
CALVIT-SUSP.,,Medicine,,bottle,No,10,Bottle,,,,,,,,1
CAMLO-5MG,,Medicine,,tablet,No,100,Tablet,,Strip,10,,Box,10,,2
CAMLO-L TAB.,,Medicine,,tablet,No,100,Tablet,,Strip,10,,Box,10,,2
CANDIBIOTIC EAR DROPS,,Medicine,,drops,No,6,Bottle,,,,,,,,1
CANDICON CREAM,,Medicine,,tube,No,6,Tube,,,,,,,,1
CANDID B CREAM,,Medicine,,tube,No,6,Tube,,,,,,,,1
CANDID EAR DROPS,,Medicine,,drops,No,6,Bottle,,,,,,,,1
CANDID MOUTH PAINT,,Medicine,,tablet,No,100,Tablet,,Strip,10,,Box,10,,2
CANDID POWDER-50GR.,,Medicine,,sachet,No,30,Sachet,,Strip,10,,Box,10,,2
CANDID TV LOTION,,Medicine,,bottle,No,10,Bottle,,,,,,,,1
CANDID- V GEL,,Medicine,,tube,No,6,Tube,,,,,,,,1
CARDIVIT TAB,,Medicine,,tablet,No,100,Tablet,,Strip,10,,Box,10,,2
CAREAGE CAP.,,Medicine,,capsule,No,100,Capsule,,Strip,10,,Box,10,,2
CARECLOX CAPSULE,,Medicine,,capsule,No,100,Capsule,,Strip,10,,Box,10,,2
CAREPRIM-DS,,Medicine,,tablet,No,100,Tablet,,Strip,10,,Box,10,,2
CAREPROST EYE DREOP,,Medicine,,tablet,No,100,Tablet,,Strip,10,,Box,10,,2
CARTIMINE,,Medicine,,tablet,No,100,Tablet,,Strip,10,,Box,10,,2
CB 12 INJ.,,Medicine,,vial,No,10,Vial,,,,,,,,1
CEBAY DROPS,,Medicine,,drops,No,6,Bottle,,,,,,,,1
CEBAY-100 D/S,,Medicine,,tablet,No,100,Tablet,,Strip,10,,Box,10,,2
CEBAY-50 D/S,,Medicine,,tablet,No,100,Tablet,,Strip,10,,Box,10,,2
CEFADYAL 500 MG,,Medicine,,tablet,No,100,Tablet,,Strip,10,,Box,10,,2
CEFDOX-200MG,,Medicine,,tablet,No,100,Tablet,,Strip,10,,Box,10,,2
CEFTRIAXONE MJ-1GM.,,Medicine,,tablet,No,100,Tablet,,Strip,10,,Box,10,,2
CEFWAR 100 DS,,Medicine,,tablet,No,100,Tablet,,Strip,10,,Box,10,,2
CEPODEM 50 MG DS,,Medicine,,tablet,No,100,Tablet,,Strip,10,,Box,10,,2
CEREGROW 2.5-5 YERS,,Medicine,,tablet,No,100,Tablet,,Strip,10,,Box,10,,2
CERELAC 10+ (MIXED FRUIT),,Medicine,,tablet,No,100,Tablet,,Strip,10,,Box,10,,2
CERELAC 12+ (MULTI GRAINS 5 FRUITS),,Medicine,,tablet,No,100,Tablet,,Strip,10,,Box,10,,2
CERELAC 18+,,Medicine,,tablet,No,100,Tablet,,Strip,10,,Box,10,,2
CERELAC 6+ WHEAT APPLE,,Medicine,,tablet,No,100,Tablet,,Strip,10,,Box,10,,2
CETAFIL SUN 50 +,,Medicine,,tablet,No,100,Tablet,,Strip,10,,Box,10,,2
CETAPHIL MOISTURISING LOTION-100ML,,Medicine,,bottle,No,10,Bottle,,,,,,,,1
CETASPIRE 500 MG,,Medicine,,tablet,No,100,Tablet,,Strip,10,,Box,10,,2
CETOPHEN 500,,Medicine,,tablet,No,100,Tablet,,Strip,10,,Box,10,,2
CETOPHEN SUSP,,Medicine,,bottle,No,10,Bottle,,,,,,,,1
CHIUREE NEEM SOAP,,Medicine,,box,No,10,Piece,,,,,,,,1
CHLORDINE MOUTH WASH,,Medicine,,bottle,No,10,Bottle,,,,,,,,1
CHOLORDINE ORAL RINSE 100 ML,,Medicine,,bottle,No,10,Bottle,,,,,,,,1
CHX MOUTH WASH,,Medicine,,bottle,No,10,Bottle,,,,,,,,1
CHYAWANPRASH -500 GM,,Medicine,,tablet,No,100,Tablet,,Strip,10,,Box,10,,2
CHYMORAL FORTE,,Medicine,,tablet,No,100,Tablet,,Strip,10,,Box,10,,2
CHYMOSIN FORTE,,Medicine,,tablet,No,100,Tablet,,Strip,10,,Box,10,,2
CHYMOSIN TAB,,Medicine,,tablet,No,100,Tablet,,Strip,10,,Box,10,,2
CIAFLO-10,,Medicine,,tablet,No,100,Tablet,,Strip,10,,Box,10,,2
CICIN-500MG,,Medicine,,tablet,No,100,Tablet,,Strip,10,,Box,10,,2
CIFROX EYE/EAR DROP,,Medicine,,drops,No,6,Bottle,,,,,,,,1
CINVERT 25,,Medicine,,tablet,No,100,Tablet,,Strip,10,,Box,10,,2
CIPRO-500 MG,,Medicine,,tablet,No,100,Tablet,,Strip,10,,Box,10,,2
CIPRO-CENT OINTMENT,,Medicine,,tube,No,6,Tube,,,,,,,,1
CIZODOL-0.25MG,,Medicine,,tablet,No,100,Tablet,,Strip,10,,Box,10,,2
CLAVAM 1.2G INJ.,,Medicine,,vial,No,10,Vial,,,,,,,,1
CLAVAM DRY SYRUP,,Medicine,,bottle,No,10,Bottle,,,,,,,,1
CLAVAM FORTE D/S 30ML,,Medicine,,bottle,No,10,Bottle,,,,,,,,1
CLEAN & CLEAR FACEWASH 50ML,,Medicine,,bottle,No,10,Bottle,,,,,,,,1
CLEANZOL CREAM,,Medicine,,tube,No,6,Tube,,,,,,,,1
CLEARSIL OINT 40%,,Medicine,,tube,No,6,Tube,,,,,,,,1
CLEARTAN SPRAY,,Medicine,,bottle,No,10,Bottle,,,,,,,,1
CLEVER CHEK-25X2ST,,Medicine,,tablet,No,100,Tablet,,Strip,10,,Box,10,,2
CLINCIN GEL 15G.,,Medicine,,tube,No,6,Tube,,,,,,,,1
CLINPAR-A,,Medicine,,tablet,No,100,Tablet,,Strip,10,,Box,10,,2
CLOBACT 500 MG,,Medicine,,tablet,No,100,Tablet,,Strip,10,,Box,10,,2
CLOBEN-G,,Medicine,,tablet,No,100,Tablet,,Strip,10,,Box,10,,2
CLOBETASOL S OINT,,Medicine,,tube,No,6,Tube,,,,,,,,1
CLOBTDERM GM 10GM,,Medicine,,tablet,No,100,Tablet,,Strip,10,,Box,10,,2
CLODERM CREAM-10G,,Medicine,,tube,No,6,Tube,,,,,,,,1
CLODERM CREAM-30GM,,Medicine,,tube,No,6,Tube,,,,,,,,1
CLODERM G 30GM.,,Medicine,,tablet,No,100,Tablet,,Strip,10,,Box,10,,2
CLODERM-G CREAM 10GM,,Medicine,,tube,No,6,Tube,,,,,,,,1
CLODERM-S OINT,,Medicine,,tube,No,6,Tube,,,,,,,,1
CLONAZ-0.25MG,,Medicine,,tablet,Yes,100,Tablet,,Strip,10,,Box,10,,2
CLONAZ-0.5MG,,Medicine,,tablet,Yes,100,Tablet,,Strip,10,,Box,10,,2
CLOVE OIL,,Medicine,,bottle,No,10,Bottle,,,,,,,,1
CLOXTN 500 MG,,Medicine,,tablet,No,100,Tablet,,Strip,10,,Box,10,,2
CMDID DUSTING POWDER,,Medicine,,sachet,No,30,Sachet,,Strip,10,,Box,10,,2
COAGRIV 20,,Medicine,,tablet,No,100,Tablet,,Strip,10,,Box,10,,2
COBAVIT 200 ML,,Medicine,,bottle,No,10,Bottle,,,,,,,,1
COCHINE-0.5MG,,Medicine,,tablet,No,100,Tablet,,Strip,10,,Box,10,,2
COCONUT EXTRA VERGIN,,Medicine,,tablet,No,100,Tablet,,Strip,10,,Box,10,,2
CODOCET TAB,,Medicine,,tablet,No,100,Tablet,,Strip,10,,Box,10,,2
CODOMOL,,Medicine,,tablet,No,100,Tablet,,Strip,10,,Box,10,,2
CODOPAR,,Medicine,,tablet,No,100,Tablet,,Strip,10,,Box,10,,2
COFSY-D SYRUP-100ML,,Medicine,,bottle,No,10,Bottle,,,,,,,,1
COLDONEX TAB,,Medicine,,tablet,No,100,Tablet,,Strip,10,,Box,10,,2
COLICSPAM 60 ML,,Medicine,,bottle,No,10,Bottle,,,,,,,,1
COLIN GLASS CLEANER,,Medicine,,tablet,No,100,Tablet,,Strip,10,,Box,10,,2
CONAZOL 150 CAP,,Medicine,,capsule,No,100,Capsule,,Strip,10,,Box,10,,2
CONDOM (KADA),,Medicine,,tablet,No,100,Tablet,,Strip,10,,Box,10,,2
CORN HIT CORN CAPS,,Medicine,,capsule,No,100,Capsule,,Strip,10,,Box,10,,2
CORTILONE-10MG,,Medicine,,tablet,No,100,Tablet,,Strip,10,,Box,10,,2
CORTILONE-2.5 MG,,Medicine,,tablet,No,100,Tablet,,Strip,10,,Box,10,,2
CORTILONE-20MG,,Medicine,,tablet,No,100,Tablet,,Strip,10,,Box,10,,2
CORTILONE-40MG,,Medicine,,tablet,No,100,Tablet,,Strip,10,,Box,10,,2
CORTILONE-5MG,,Medicine,,tablet,No,100,Tablet,,Strip,10,,Box,10,,2
COSTER CREAM 15G.,,Medicine,,tube,No,6,Tube,,,,,,,,1
COTARYL 50G,,Medicine,,tablet,No,100,Tablet,,Strip,10,,Box,10,,2
COTTON BANDAGE,,Medicine,,tablet,No,100,Tablet,,Strip,10,,Box,10,,2
COTTON-15 GM,,Medicine,,tablet,No,100,Tablet,,Strip,10,,Box,10,,2
COTTON-400GR.,,Medicine,,tablet,No,100,Tablet,,Strip,10,,Box,10,,2
COTTON-50GM,,Medicine,,tablet,No,100,Tablet,,Strip,10,,Box,10,,2
CREMAFFIN PLUS,,Medicine,,tablet,No,100,Tablet,,Strip,10,,Box,10,,2
CREMAFFIN SUSP.,,Medicine,,bottle,No,10,Bottle,,,,,,,,1
CREPE BANDAGE 3 INCH,,Medicine,,tablet,No,100,Tablet,,Strip,10,,Box,10,,2
"CREPE BANDAGE-6""",,Medicine,,tablet,No,100,Tablet,,Strip,10,,Box,10,,2
CRUX SYRUP-100ML,,Medicine,,bottle,No,10,Bottle,,,,,,,,1
CTZ SYRUP 30 ML,,Medicine,,bottle,No,10,Bottle,,,,,,,,1
CTZ TABLET-10 MG,,Medicine,,tablet,No,100,Tablet,,Strip,10,,Box,10,,2
CUCUMBER & COCONUT SOAP(HIMALAYA),,Medicine,,box,No,10,Piece,,,,,,,,1
CULOSE 100 ML,,Medicine,,bottle,No,10,Bottle,,,,,,,,1
CUPROXEN-500MG,,Medicine,,tablet,No,100,Tablet,,Strip,10,,Box,10,,2
CUTICARE CREAM-15GM,,Medicine,,tube,No,6,Tube,,,,,,,,1
CYCLO-MPS -30 ML,,Medicine,,bottle,No,10,Bottle,,,,,,,,1
CYCLOPAM DROPS,,Medicine,,drops,No,6,Bottle,,,,,,,,1
D-PAIN TAB,,Medicine,,tablet,No,100,Tablet,,Strip,10,,Box,10,,2
D.F.O. GEL,,Medicine,,tube,No,6,Tube,,,,,,,,1
DABUR HONEY 100G,,Medicine,,tablet,No,100,Tablet,,Strip,10,,Box,10,,2
DABUR LAL TAIL 200ML,,Medicine,,bottle,No,10,Bottle,,,,,,,,1
DABUR TOOTH PASTE 75G,,Medicine,,tube,No,6,Tube,,,,,,,,1
DAFODIL 10,,Medicine,,tablet,No,100,Tablet,,Strip,10,,Box,10,,2
DAPA 10,,Medicine,,tablet,No,100,Tablet,,Strip,10,,Box,10,,2
DAPA 5,,Medicine,,tablet,No,100,Tablet,,Strip,10,,Box,10,,2
DAPOXI - 30,,Medicine,,tablet,No,100,Tablet,,Strip,10,,Box,10,,2
DCR-50MG,,Medicine,,tablet,No,100,Tablet,,Strip,10,,Box,10,,2
DE-COLD,,Medicine,,tablet,No,100,Tablet,,Strip,10,,Box,10,,2
DE-COlD SYRUP-60ML,,Medicine,,bottle,No,10,Bottle,,,,,,,,1
DECON - P,,Medicine,,tablet,No,100,Tablet,,Strip,10,,Box,10,,2
DECON NASAL DROP,,Medicine,,drops,No,6,Bottle,,,,,,,,1
DECON-S (NASAL DROP ),,Medicine,,drops,No,6,Bottle,,,,,,,,1
DEFLACORT 6MG,,Medicine,,tablet,No,100,Tablet,,Strip,10,,Box,10,,2
DELCONE TAB,,Medicine,,tablet,No,100,Tablet,,Strip,10,,Box,10,,2
DELIKOF SYP 100 ML,,Medicine,,bottle,No,10,Bottle,,,,,,,,1
DELISPRIN-150MG,,Medicine,,tablet,No,100,Tablet,,Strip,10,,Box,10,,2
DELISPRIN-75MG,,Medicine,,tablet,No,100,Tablet,,Strip,10,,Box,10,,2
DELIVERY PAD,,Medicine,,tablet,No,100,Tablet,,Strip,10,,Box,10,,2
DELSTA TAB,,Medicine,,tablet,No,100,Tablet,,Strip,10,,Box,10,,2
DELTA GEL-10G.,,Medicine,,tube,No,6,Tube,,,,,,,,1
DELYTE 10,,Medicine,,tablet,No,100,Tablet,,Strip,10,,Box,10,,2
DEMO GEL,,Medicine,,tube,No,6,Tube,,,,,,,,1
DENOVO XT TAB,,Medicine,,tablet,No,100,Tablet,,Strip,10,,Box,10,,2
DENTAL FLOSS 60MTR.(65.6YARDS),,Medicine,,tablet,No,100,Tablet,,Strip,10,,Box,10,,2
DENTAL FLUR,,Medicine,,tablet,No,100,Tablet,,Strip,10,,Box,10,,2
DEPO-MEDROL 80MG(2ML) INJ,,Medicine,,vial,No,10,Vial,,,,,,,,1
DERM SHINE ANTI HAIRFALL AN 250 ML,,Medicine,,bottle,No,10,Bottle,,,,,,,,1
DERM SHINE ANTI-ACNE F/W 100ML,,Medicine,,bottle,No,10,Bottle,,,,,,,,1
DERM SHINE EXTRA VERGIN COCONUT OIL,,Medicine,,bottle,No,10,Bottle,,,,,,,,1
DERM SHINE MINERAL TINTED S 50ML,,Medicine,,bottle,No,10,Bottle,,,,,,,,1
DERM SHINE MOIST CREAM 100GM,,Medicine,,tube,No,6,Tube,,,,,,,,1
DERM SHINE NIACINAMIDE SERU 30ML,,Medicine,,bottle,No,10,Bottle,,,,,,,,1
DERM SHINE SKIN BRIGHT MOIS 50GM,,Medicine,,tablet,No,100,Tablet,,Strip,10,,Box,10,,2
DERM SHINE SUNSCREEN GEL 50 ML,,Medicine,,tube,No,6,Tube,,,,,,,,1
DERM SHINE VIT-C SERUM 20ML,,Medicine,,bottle,No,10,Bottle,,,,,,,,1
DERMA MOIST,,Medicine,,tablet,No,100,Tablet,,Strip,10,,Box,10,,2
DERMAMOIST LOTION-60GR.,,Medicine,,bottle,No,10,Bottle,,,,,,,,1
DETTOL 125 ML,,Medicine,,bottle,No,10,Bottle,,,,,,,,1
DETTOL 250 ML,,Medicine,,bottle,No,10,Bottle,,,,,,,,1
DETTOL 60 ML,,Medicine,,bottle,No,10,Bottle,,,,,,,,1
DETTOL HAND WASH REFILL 700ML,,Medicine,,bottle,No,10,Bottle,,,,,,,,1
DETTOL HAND WASH REFILL RS 126,,Medicine,,bottle,No,10,Bottle,,,,,,,,1
DETTOL LIQ HANDWASH,,Medicine,,tablet,No,100,Tablet,,Strip,10,,Box,10,,2
DETTOL SOAP,,Medicine,,box,No,10,Piece,,,,,,,,1
DETTOL SOAP 50G,,Medicine,,box,No,10,Piece,,,,,,,,1
DETTOLE LIQ 1 LITER,,Medicine,,tablet,No,100,Tablet,,Strip,10,,Box,10,,2
DEVOMINE,,Medicine,,tablet,No,100,Tablet,,Strip,10,,Box,10,,2
DFLOZ-10,,Medicine,,tablet,No,100,Tablet,,Strip,10,,Box,10,,2
DIABIN 0.3,,Medicine,,tablet,No,100,Tablet,,Strip,10,,Box,10,,2
DIAPER ADULT 10PCS-M/L-V,,Medicine,,tablet,No,100,Tablet,,Strip,10,,Box,10,,2
DIAPER ADULTS 10'S MEDIUM--P,,Medicine,,tablet,No,100,Tablet,,Strip,10,,Box,10,,2
DIAPER RASH CREAM,,Medicine,,tube,No,6,Tube,,,,,,,,1
DIAPRIDE M 0.5,,Medicine,,tablet,No,100,Tablet,,Strip,10,,Box,10,,2
DIAPRIDE M2 FORTE,,Medicine,,tablet,No,100,Tablet,,Strip,10,,Box,10,,2
DIAPRIDE-M4 FORTE,,Medicine,,tablet,No,100,Tablet,,Strip,10,,Box,10,,2
DIARLOCK FORTE,,Medicine,,tablet,No,100,Tablet,,Strip,10,,Box,10,,2
DIARLOCK SUSP,,Medicine,,bottle,No,10,Bottle,,,,,,,,1
DICFEN GEL-30GM.,,Medicine,,tube,No,6,Tube,,,,,,,,1
DICFEN PLUS GEL 5 GM,,Medicine,,tube,No,6,Tube,,,,,,,,1
DICLOBACK PLUS-30GM,,Medicine,,tablet,No,100,Tablet,,Strip,10,,Box,10,,2
DICLOBACK-100MG,,Medicine,,tablet,No,100,Tablet,,Strip,10,,Box,10,,2
DICLOBACK-50MG,,Medicine,,tablet,No,100,Tablet,,Strip,10,,Box,10,,2
DIGITAL THERMOMETER (MICROLIFE),,Medicine,,tablet,No,100,Tablet,,Strip,10,,Box,10,,2
DIGITAL THERMOMETER NORMAL,,Medicine,,tablet,No,100,Tablet,,Strip,10,,Box,10,,2
DIGITAL THERMOMETER- GENT X,,Medicine,,tablet,No,100,Tablet,,Strip,10,,Box,10,,2
DILZEM-90MG SR,,Medicine,,tablet,No,100,Tablet,,Strip,10,,Box,10,,2
DIMPLE INJ,,Medicine,,vial,No,10,Vial,,,,,,,,1
DIUMIDE 40,,Medicine,,tablet,No,100,Tablet,,Strip,10,,Box,10,,2
DIZONE-250MG,,Medicine,,tablet,No,100,Tablet,,Strip,10,,Box,10,,2
DJ-CITRAL-100ML,,Medicine,,bottle,No,10,Bottle,,,,,,,,1
DLIZA -5,,Medicine,,tablet,No,100,Tablet,,Strip,10,,Box,10,,2
DNS-500ML(VIAFLEX/BAXTER),,Medicine,,bottle,No,10,Bottle,,,,,,,,1
DOLOFEN SR-100MG,,Medicine,,tablet,No,100,Tablet,,Strip,10,,Box,10,,2
DOLOPAR,,Medicine,,tablet,No,100,Tablet,,Strip,10,,Box,10,,2
DOMEL MT-10MG,,Medicine,,tablet,No,100,Tablet,,Strip,10,,Box,10,,2
DOMFAST 10 DT,,Medicine,,tablet,No,100,Tablet,,Strip,10,,Box,10,,2
DOMITAB,,Medicine,,tablet,No,100,Tablet,,Strip,10,,Box,10,,2
DOVERIN-40MG,,Medicine,,tablet,No,100,Tablet,,Strip,10,,Box,10,,2
DOXYLENE-100MG,,Medicine,,tablet,No,100,Tablet,,Strip,10,,Box,10,,2
DR CONSULTATION,,Medicine,,tablet,No,100,Tablet,,Strip,10,,Box,10,,2
DR.MOS CREAM-80GM,,Medicine,,tube,No,6,Tube,,,,,,,,1
DRESSING CHARGE,,Medicine,,tablet,No,100,Tablet,,Strip,10,,Box,10,,2
DROSPAN 80,,Medicine,,tablet,No,100,Tablet,,Strip,10,,Box,10,,2
DROVIT 2K,,Medicine,,tablet,No,100,Tablet,,Strip,10,,Box,10,,2
DS 2K,,Medicine,,tablet,No,100,Tablet,,Strip,10,,Box,10,,2
DUFKING BZ SHAMPOO,,Medicine,,bottle,No,10,Bottle,,,,,,,,1
DUOLUTON L TAB,,Medicine,,tablet,No,100,Tablet,,Strip,10,,Box,10,,2
DURATAZ-4.5 INJ.,,Medicine,,vial,No,10,Vial,,,,,,,,1
DUVANTA 20,,Medicine,,tablet,No,100,Tablet,,Strip,10,,Box,10,,2
DV 2K,,Medicine,,tablet,No,100,Tablet,,Strip,10,,Box,10,,2
DV 60K CAP.,,Medicine,,capsule,No,100,Capsule,,Strip,10,,Box,10,,2
DV-400 SYRUP-30ML,,Medicine,,bottle,No,10,Bottle,,,,,,,,1
DYSMEF FORTE,,Medicine,,tablet,No,100,Tablet,,Strip,10,,Box,10,,2
E LINA 10,,Medicine,,tablet,No,100,Tablet,,Strip,10,,Box,10,,2
E- COX 90,,Medicine,,tablet,No,100,Tablet,,Strip,10,,Box,10,,2
E-DAY-60 MG,,Medicine,,tablet,No,100,Tablet,,Strip,10,,Box,10,,2
E-DAY-90 MG,,Medicine,,tablet,No,100,Tablet,,Strip,10,,Box,10,,2
EAR BUDS,,Medicine,,tablet,No,100,Tablet,,Strip,10,,Box,10,,2
EAR BUDS BOX ADULT,,Medicine,,tablet,No,100,Tablet,,Strip,10,,Box,10,,2
EAR BUDS RS 20,,Medicine,,tablet,No,100,Tablet,,Strip,10,,Box,10,,2
EAR PLUG,,Medicine,,tablet,No,100,Tablet,,Strip,10,,Box,10,,2
EASY FIX,,Medicine,,tablet,No,100,Tablet,,Strip,10,,Box,10,,2
EBAST-20MG,,Medicine,,tablet,No,100,Tablet,,Strip,10,,Box,10,,2
ECOTIS 90,,Medicine,,tablet,No,100,Tablet,,Strip,10,,Box,10,,2
EFZIN 10,,Medicine,,tablet,No,100,Tablet,,Strip,10,,Box,10,,2
EG 10 MG,,Medicine,,tablet,No,100,Tablet,,Strip,10,,Box,10,,2
ELASTOPLAST,,Medicine,,tablet,No,100,Tablet,,Strip,10,,Box,10,,2
ELATURB - 10MG,,Medicine,,tablet,No,100,Tablet,,Strip,10,,Box,10,,2
ELDOPAR CAP,,Medicine,,capsule,No,100,Capsule,,Strip,10,,Box,10,,2
ELIWEL-10MG,,Medicine,,tablet,No,100,Tablet,,Strip,10,,Box,10,,2
ELIWEL-25MG,,Medicine,,tablet,No,100,Tablet,,Strip,10,,Box,10,,2
ELOPRAM-10MG,,Medicine,,tablet,No,100,Tablet,,Strip,10,,Box,10,,2
ELOPRAM-5MG,,Medicine,,tablet,No,100,Tablet,,Strip,10,,Box,10,,2
EMBETA XR-25MG,,Medicine,,tablet,No,100,Tablet,,Strip,10,,Box,10,,2
EMIGO 8 MG,,Medicine,,tablet,No,100,Tablet,,Strip,10,,Box,10,,2
EMIGO MD-4MG,,Medicine,,tablet,No,100,Tablet,,Strip,10,,Box,10,,2
EMIGO SUSPENSION,,Medicine,,bottle,No,10,Bottle,,,,,,,,1
EMOCOL C GEL 30GM,,Medicine,,tube,No,6,Tube,,,,,,,,1
EMOSIL,,Medicine,,tablet,No,100,Tablet,,Strip,10,,Box,10,,2
EMPACARE 10,,Medicine,,tablet,No,100,Tablet,,Strip,10,,Box,10,,2
EMPAZ - L 10MG,,Medicine,,tablet,No,100,Tablet,,Strip,10,,Box,10,,2
EMPAZ-10 MG,,Medicine,,tablet,No,100,Tablet,,Strip,10,,Box,10,,2
EMPAZ-25MG,,Medicine,,tablet,No,100,Tablet,,Strip,10,,Box,10,,2
ENCLAVE BID DS,,Medicine,,tablet,No,100,Tablet,,Strip,10,,Box,10,,2
ENCLAVE-375MG,,Medicine,,tablet,No,100,Tablet,,Strip,10,,Box,10,,2
ENCLAVE-625MG,,Medicine,,tablet,No,100,Tablet,,Strip,10,,Box,10,,2
ENCORATE-500MG,,Medicine,,tablet,No,100,Tablet,,Strip,10,,Box,10,,2
ENO-100GR.,,Medicine,,tablet,No,100,Tablet,,Strip,10,,Box,10,,2
ENSERT 100 MG,,Medicine,,tablet,No,100,Tablet,,Strip,10,,Box,10,,2
ENSERT-50MG,,Medicine,,tablet,No,100,Tablet,,Strip,10,,Box,10,,2
ENSURE V GEL,,Medicine,,tube,No,6,Tube,,,,,,,,1
ENTALIV-0.5MG,,Medicine,,tablet,No,100,Tablet,,Strip,10,,Box,10,,2
ESMOPRAZ TAB,,Medicine,,tablet,No,100,Tablet,,Strip,10,,Box,10,,2
ESOFAST 40,,Medicine,,tablet,No,100,Tablet,,Strip,10,,Box,10,,2
ESOMEFINE 40,,Medicine,,tablet,No,100,Tablet,,Strip,10,,Box,10,,2
ESTROFLAV- V GEL,,Medicine,,tube,No,6,Tube,,,,,,,,1
ETAPRAM-10MG,,Medicine,,tablet,No,100,Tablet,,Strip,10,,Box,10,,2
ETAPRAM-5MG,,Medicine,,tablet,No,100,Tablet,,Strip,10,,Box,10,,2
ETOVA ER 600,,Medicine,,tablet,No,100,Tablet,,Strip,10,,Box,10,,2
EVA TEARS EYE DROP,,Medicine,,drops,No,6,Bottle,,,,,,,,1
EVA-400MG,,Medicine,,tablet,No,100,Tablet,,Strip,10,,Box,10,,2
EVACIP 100 ML,,Medicine,,bottle,No,10,Bottle,,,,,,,,1
EVACIP EYE DROPS,,Medicine,,drops,No,6,Bottle,,,,,,,,1
EVAMED SYR. 200ML,,Medicine,,bottle,No,10,Bottle,,,,,,,,1
EVAMOX YE DROP,,Medicine,,drops,No,6,Bottle,,,,,,,,1
EVANAC 3ML INJ,,Medicine,,vial,No,10,Vial,,,,,,,,1
EVASTIN 10,,Medicine,,tablet,No,100,Tablet,,Strip,10,,Box,10,,2
EXAMINATION GLOVES-V,,Medicine,,tablet,No,100,Tablet,,Strip,10,,Box,10,,2
EXERCISE BALL-UNIVERSAL,,Medicine,,tablet,No,100,Tablet,,Strip,10,,Box,10,,2
EXINIA-25MG,,Medicine,,tablet,No,100,Tablet,,Strip,10,,Box,10,,2
EXOD E/E DROP,,Medicine,,drops,No,6,Bottle,,,,,,,,1
EXTINA CREAM-15GM,,Medicine,,tube,No,6,Tube,,,,,,,,1
EXTRA VIRGIN COCONUT OIL,,Medicine,,bottle,No,10,Bottle,,,,,,,,1
EYE REST DROP,,Medicine,,drops,No,6,Bottle,,,,,,,,1
EZACT 120MG,,Medicine,,tablet,No,100,Tablet,,Strip,10,,Box,10,,2
F-STAT-40MG,,Medicine,,tablet,No,100,Tablet,,Strip,10,,Box,10,,2
F-STAT-80MG,,Medicine,,tablet,No,100,Tablet,,Strip,10,,Box,10,,2
FACE WASH GEL-100GM,,Medicine,,tube,No,6,Tube,,,,,,,,1
FALL STOP D SHAMPOO,,Medicine,,bottle,No,10,Bottle,,,,,,,,1
FAM-O-40MG,,Medicine,,tablet,No,100,Tablet,,Strip,10,,Box,10,,2
FAREX STEP-1,,Medicine,,tablet,No,100,Tablet,,Strip,10,,Box,10,,2
FARIN-2MG,,Medicine,,tablet,No,100,Tablet,,Strip,10,,Box,10,,2
FEBREX PLUS SYRUP,,Medicine,,bottle,No,10,Bottle,,,,,,,,1
FEDING BOTTLE (P),,Medicine,,bottle,No,10,Bottle,,,,,,,,1
FEEDING BOTTLE,,Medicine,,bottle,No,10,Bottle,,,,,,,,1
FEEDING BOTTLE (HANDLE)-B,,Medicine,,bottle,No,10,Bottle,,,,,,,,1
FEEDING BOTTLE(HANDLE)-S,,Medicine,,bottle,No,10,Bottle,,,,,,,,1
FEMITRON-5MG,,Medicine,,tablet,No,100,Tablet,,Strip,10,,Box,10,,2
FEMONSTON MONO 2 MG,,Medicine,,tablet,No,100,Tablet,,Strip,10,,Box,10,,2
FENAC-100MG,,Medicine,,tablet,No,100,Tablet,,Strip,10,,Box,10,,2
FEPEN 325,,Medicine,,tablet,No,100,Tablet,,Strip,10,,Box,10,,2
FEX 180,,Medicine,,tablet,No,100,Tablet,,Strip,10,,Box,10,,2
FEX SUP 60ML,,Medicine,,bottle,No,10,Bottle,,,,,,,,1
FEXHIST SUS 60ML,,Medicine,,bottle,No,10,Bottle,,,,,,,,1
FEXOMED SYRUP 60 ML,,Medicine,,bottle,No,10,Bottle,,,,,,,,1
FEXOMED-180 MG,,Medicine,,tablet,No,100,Tablet,,Strip,10,,Box,10,,2
FEXORAL 120 MG\,,Medicine,,tablet,No,100,Tablet,,Strip,10,,Box,10,,2
FEXORAL SUS 60ML,,Medicine,,bottle,No,10,Bottle,,,,,,,,1
FEZA SUSP.,,Medicine,,bottle,No,10,Bottle,,,,,,,,1
FIBRINIC 500,,Medicine,,tablet,No,100,Tablet,,Strip,10,,Box,10,,2
FIXCEF 100 D/S,,Medicine,,tablet,No,100,Tablet,,Strip,10,,Box,10,,2
FLAVOX-200MG,,Medicine,,tablet,No,100,Tablet,,Strip,10,,Box,10,,2
FLEXON SUSP.,,Medicine,,bottle,No,10,Bottle,,,,,,,,1
FLORATIC-DS-60ML,,Medicine,,bottle,No,10,Bottle,,,,,,,,1
FLOXAPEN 500,,Medicine,,tablet,No,100,Tablet,,Strip,10,,Box,10,,2
FLUCLASS DRY SYRUP,,Medicine,,bottle,No,10,Bottle,,,,,,,,1
FLUCLASS-500 MG,,Medicine,,tablet,No,100,Tablet,,Strip,10,,Box,10,,2
FLUCLOX 500MG,,Medicine,,tablet,No,100,Tablet,,Strip,10,,Box,10,,2
FLUCORT SKIN LOTION,,Medicine,,bottle,No,10,Bottle,,,,,,,,1
FLUMAC 150,,Medicine,,tablet,No,100,Tablet,,Strip,10,,Box,10,,2
FLUMAC 200,,Medicine,,tablet,No,100,Tablet,,Strip,10,,Box,10,,2
FLUNIL-20MG,,Medicine,,tablet,No,100,Tablet,,Strip,10,,Box,10,,2
FLUPEN DRY SYRUP,,Medicine,,bottle,No,10,Bottle,,,,,,,,1
FLUPEN-500MG,,Medicine,,tablet,No,100,Tablet,,Strip,10,,Box,10,,2
FLUR EYE DROPS,,Medicine,,drops,No,6,Bottle,,,,,,,,1
FLUSH TAB,,Medicine,,tablet,No,100,Tablet,,Strip,10,,Box,10,,2
FLUTIPRO CREAM,,Medicine,,tube,No,6,Tube,,,,,,,,1
FML EYE DROPS,,Medicine,,drops,No,6,Bottle,,,,,,,,1
FOLVIN-5MG,,Medicine,,tablet,No,100,Tablet,,Strip,10,,Box,10,,2
FORACORT-200 ROTACAPS,,Medicine,,box,No,5,Inhaler,,,,,,,,1
FORACORT-400 ROTACAPS,,Medicine,,box,No,5,Inhaler,,,,,,,,1
FOREARM SPLINT,,Medicine,,tablet,No,100,Tablet,,Strip,10,,Box,10,,2
FORMET G1 FORTE,,Medicine,,tablet,No,100,Tablet,,Strip,10,,Box,10,,2
FORMET G3 FORTE,,Medicine,,tablet,No,100,Tablet,,Strip,10,,Box,10,,2
FORMIN G1 FORTE,,Medicine,,tablet,No,100,Tablet,,Strip,10,,Box,10,,2
FORMIN G2 FORTE,,Medicine,,tablet,No,100,Tablet,,Strip,10,,Box,10,,2
FORMIN OD 1000MG,,Medicine,,tablet,No,100,Tablet,,Strip,10,,Box,10,,2
FORMIN OD-500MG,,Medicine,,tablet,No,100,Tablet,,Strip,10,,Box,10,,2
FORMIN SR 500,,Medicine,,tablet,No,100,Tablet,,Strip,10,,Box,10,,2
FORMIN-500MG,,Medicine,,tablet,No,100,Tablet,,Strip,10,,Box,10,,2
FORMIN-850MG,,Medicine,,tablet,No,100,Tablet,,Strip,10,,Box,10,,2
FORMIN-G1,,Medicine,,tablet,No,100,Tablet,,Strip,10,,Box,10,,2
FORMIN-G2,,Medicine,,tablet,No,100,Tablet,,Strip,10,,Box,10,,2
FORTIPLEX CAP,,Medicine,,capsule,No,100,Capsule,,Strip,10,,Box,10,,2
FORTIPLEX M CAP,,Medicine,,capsule,No,100,Capsule,,Strip,10,,Box,10,,2
FORTIPLEX M DROP,,Medicine,,drops,No,6,Bottle,,,,,,,,1
FORTIPLEX Z 100 ML,,Medicine,,bottle,No,10,Bottle,,,,,,,,1
FORTIPLEX Z SYRUP 200 ML,,Medicine,,bottle,No,10,Bottle,,,,,,,,1
FRUIT PACIFIER BABY,,Medicine,,tablet,No,100,Tablet,,Strip,10,,Box,10,,2
FRUSIX 20MG,,Medicine,,tablet,No,100,Tablet,,Strip,10,,Box,10,,2
FRUSIX 40MG,,Medicine,,tablet,No,100,Tablet,,Strip,10,,Box,10,,2
FUSDERM-H,,Medicine,,tablet,No,100,Tablet,,Strip,10,,Box,10,,2
FUSDERM-H CREAM-15GM,,Medicine,,tube,No,6,Tube,,,,,,,,1
FUSIBECT H CREAM,,Medicine,,tube,No,6,Tube,,,,,,,,1
FUSIBECT-B CREAM,,Medicine,,tube,No,6,Tube,,,,,,,,1
FUSID CREAM,,Medicine,,tube,No,6,Tube,,,,,,,,1
FUSIDERM 5G CREAM,,Medicine,,tube,No,6,Tube,,,,,,,,1
FUSIMAR-H CREAM 5G,,Medicine,,tube,No,6,Tube,,,,,,,,1
FUSKIN B,,Medicine,,tablet,No,100,Tablet,,Strip,10,,Box,10,,2
G-DRESS-10,,Medicine,,tablet,No,100,Tablet,,Strip,10,,Box,10,,2
G-DRESS-15,,Medicine,,tablet,No,100,Tablet,,Strip,10,,Box,10,,2
G-DRESS-25,,Medicine,,tablet,No,100,Tablet,,Strip,10,,Box,10,,2
G-DRESS-30,,Medicine,,tablet,No,100,Tablet,,Strip,10,,Box,10,,2
GABARON-100 MG,,Medicine,,tablet,No,100,Tablet,,Strip,10,,Box,10,,2
GABIX-75 MG,,Medicine,,tablet,No,100,Tablet,,Strip,10,,Box,10,,2
GASONA SYP -100ML,,Medicine,,bottle,No,10,Bottle,,,,,,,,1
GAT-1000MG,,Medicine,,tablet,No,100,Tablet,,Strip,10,,Box,10,,2
GAT-500MG,,Medicine,,tablet,No,100,Tablet,,Strip,10,,Box,10,,2
GAUZE-10CMX10CM,,Medicine,,tablet,No,100,Tablet,,Strip,10,,Box,10,,2
GCG TOOTH BRUSH (SOFT),,Medicine,,tablet,No,100,Tablet,,Strip,10,,Box,10,,2
GENTBECLOCOT CREAM-15 GM,,Medicine,,tube,No,6,Tube,,,,,,,,1
GERMIDINE 10% SOL 100ML,,Medicine,,bottle,No,10,Bottle,,,,,,,,1
GERMIDINE 5% SOL,,Medicine,,tablet,No,100,Tablet,,Strip,10,,Box,10,,2
GERMIDINE OINTMENT 15GM,,Medicine,,tube,No,6,Tube,,,,,,,,1
GLARITUS CARTAGE,,Medicine,,tablet,No,100,Tablet,,Strip,10,,Box,10,,2
GLIFAZ-5MG,,Medicine,,tablet,No,100,Tablet,,Strip,10,,Box,10,,2
GLIMEVA 2,,Medicine,,tablet,No,100,Tablet,,Strip,10,,Box,10,,2
GLIMIPREX MF 1/500,,Medicine,,tablet,No,100,Tablet,,Strip,10,,Box,10,,2
GLIPRIDE-1MG,,Medicine,,tablet,No,100,Tablet,,Strip,10,,Box,10,,2
GLIZID-40MG,,Medicine,,tablet,No,100,Tablet,,Strip,10,,Box,10,,2
GLUBOSE-50MG,,Medicine,,tablet,No,100,Tablet,,Strip,10,,Box,10,,2
GLUCO ALERT,,Medicine,,tablet,No,100,Tablet,,Strip,10,,Box,10,,2
GLUCOEMP-10,,Medicine,,tablet,No,100,Tablet,,Strip,10,,Box,10,,2
GLUCOMETR SET (Dr. Morepen ),,Medicine,,tablet,No,100,Tablet,,Strip,10,,Box,10,,2
GLUCON 50% INJ,,Medicine,,vial,No,10,Vial,,,,,,,,1
GLUCOSE- D(120GM),,Medicine,,tablet,No,100,Tablet,,Strip,10,,Box,10,,2
GLUCOSE-D (400GM),,Medicine,,tablet,No,100,Tablet,,Strip,10,,Box,10,,2
GLUNIL -1,,Medicine,,tablet,No,100,Tablet,,Strip,10,,Box,10,,2
GLURIDE-1MG,,Medicine,,tablet,No,100,Tablet,,Strip,10,,Box,10,,2
GLURIDE-2MG,,Medicine,,tablet,No,100,Tablet,,Strip,10,,Box,10,,2
GLUTACOM C CREAM,,Medicine,,tube,No,6,Tube,,,,,,,,1
GLUTACOM FACEWASH,,Medicine,,tablet,No,100,Tablet,,Strip,10,,Box,10,,2
GLYCERIN 110 GM,,Medicine,,tablet,No,100,Tablet,,Strip,10,,Box,10,,2
GLYCERIN 60 GM,,Medicine,,tablet,No,100,Tablet,,Strip,10,,Box,10,,2
GLYCERINE 100 GM,,Medicine,,tablet,No,100,Tablet,,Strip,10,,Box,10,,2
GLYCERINE 50 GM,,Medicine,,tablet,No,100,Tablet,,Strip,10,,Box,10,,2
GLYCOMET - 1GM,,Medicine,,tablet,No,100,Tablet,,Strip,10,,Box,10,,2
GLYCOMET-GP 1 FORTE,,Medicine,,tablet,No,100,Tablet,,Strip,10,,Box,10,,2
GLYCOMET-GP 2 FORTE,,Medicine,,tablet,No,100,Tablet,,Strip,10,,Box,10,,2
GLYCOSEAL 5 MG,,Medicine,,tablet,No,100,Tablet,,Strip,10,,Box,10,,2
GLYFALL -500 ER,,Medicine,,tablet,No,100,Tablet,,Strip,10,,Box,10,,2
GLYFALL 1G ER,,Medicine,,tablet,No,100,Tablet,,Strip,10,,Box,10,,2
GLYFALL G2,,Medicine,,tablet,No,100,Tablet,,Strip,10,,Box,10,,2
GLYSOLD 125ML,,Medicine,,bottle,No,10,Bottle,,,,,,,,1
GOOD NIGHT REFILL,,Medicine,,tablet,No,100,Tablet,,Strip,10,,Box,10,,2
GOOD NIGHT SET,,Medicine,,tablet,No,100,Tablet,,Strip,10,,Box,10,,2
GOODNIGHT DHUP,,Medicine,,tablet,No,100,Tablet,,Strip,10,,Box,10,,2
GRANDEM MD-1MG,,Medicine,,tablet,No,100,Tablet,,Strip,10,,Box,10,,2
GRAVITAL CAP,,Medicine,,capsule,No,100,Capsule,,Strip,10,,Box,10,,2
GRIPE WATER,,Medicine,,tablet,No,100,Tablet,,Strip,10,,Box,10,,2
H.P WIPES,,Medicine,,tablet,No,100,Tablet,,Strip,10,,Box,10,,2
HALOBET-S 10G.,,Medicine,,tablet,No,100,Tablet,,Strip,10,,Box,10,,2
HAND SANITIZAR 100 ML,,Medicine,,bottle,No,10,Bottle,,,,,,,,1
HANSOPLAST REGULAR,,Medicine,,tablet,No,100,Tablet,,Strip,10,,Box,10,,2
HANSOPLAST SPOT,,Medicine,,tablet,No,100,Tablet,,Strip,10,,Box,10,,2
HATRIC SYRUP 30ML,,Medicine,,bottle,No,10,Bottle,,,,,,,,1
HATRIC-5MG,,Medicine,,tablet,No,100,Tablet,,Strip,10,,Box,10,,2
HCG DEVICE (PREGNANCY TEST KIT ) UPT,,Medicine,,tablet,No,100,Tablet,,Strip,10,,Box,10,,2
HCQUIN 400,,Medicine,,tablet,No,100,Tablet,,Strip,10,,Box,10,,2
HEPACT-150MG,,Medicine,,tablet,No,100,Tablet,,Strip,10,,Box,10,,2
HICET SYP,,Medicine,,bottle,No,10,Bottle,,,,,,,,1
HICET-10MG,,Medicine,,tablet,No,100,Tablet,,Strip,10,,Box,10,,2
HIMALAYA BABY CREAM 50 ML,,Medicine,,tube,No,6,Tube,,,,,,,,1
HIMALAYA NEEM FACEWASH,,Medicine,,tablet,No,100,Tablet,,Strip,10,,Box,10,,2
HIOPEN 20MG,,Medicine,,tablet,No,100,Tablet,,Strip,10,,Box,10,,2
HISTAFEN 180 MG,,Medicine,,tablet,No,100,Tablet,,Strip,10,,Box,10,,2
HIT,,Medicine,,tablet,No,100,Tablet,,Strip,10,,Box,10,,2
HONEY AND ALMOND (REVANS),,Medicine,,tablet,No,100,Tablet,,Strip,10,,Box,10,,2
HONEY AND CREAM SOAP(HIMALAYA),,Medicine,,tube,No,6,Tube,,,,,,,,1
HONEY NEPPLE BABY,,Medicine,,tablet,No,100,Tablet,,Strip,10,,Box,10,,2
HONITUS COUGH DROPS,,Medicine,,drops,No,6,Bottle,,,,,,,,1
HONITUS SYRUP,,Medicine,,bottle,No,10,Bottle,,,,,,,,1
HOT BAG ( ELECTRIC),,Medicine,,tablet,No,100,Tablet,,Strip,10,,Box,10,,2
HYBRO DS TAB,,Medicine,,tablet,No,100,Tablet,,Strip,10,,Box,10,,2
HYBRO INJ.,,Medicine,,vial,No,10,Vial,,,,,,,,1
HYBRO-10MG,,Medicine,,tablet,No,100,Tablet,,Strip,10,,Box,10,,2
HYCOR CREAM,,Medicine,,tube,No,6,Tube,,,,,,,,1
HYDRASE LOTION,,Medicine,,bottle,No,10,Bottle,,,,,,,,1
HYDROGEN PERIOXIDE-100ML,,Medicine,,bottle,No,10,Bottle,,,,,,,,1
HYOFAST -20,,Medicine,,tablet,No,100,Tablet,,Strip,10,,Box,10,,2
HYOMIDE 10 MG,,Medicine,,tablet,No,100,Tablet,,Strip,10,,Box,10,,2
HYOMIDE 20MG,,Medicine,,tablet,No,100,Tablet,,Strip,10,,Box,10,,2
HYQUIN 200,,Medicine,,tablet,No,100,Tablet,,Strip,10,,Box,10,,2
HYTIDE-12.5MG,,Medicine,,tablet,No,100,Tablet,,Strip,10,,Box,10,,2
HYTIDE-25MG,,Medicine,,tablet,No,100,Tablet,,Strip,10,,Box,10,,2
HYZAC 10 MG,,Medicine,,tablet,No,100,Tablet,,Strip,10,,Box,10,,2
HYZAC-20 MG,,Medicine,,tablet,No,100,Tablet,,Strip,10,,Box,10,,2
I-FREE-72,,Medicine,,tablet,No,100,Tablet,,Strip,10,,Box,10,,2
I.V CANULA-20G(SAFETY),,Medicine,,tablet,No,100,Tablet,,Strip,10,,Box,10,,2
I.V. CANULA 16G(PLAIN-B/BRAUN),,Medicine,,tablet,No,100,Tablet,,Strip,10,,Box,10,,2
I.V. CANULA 22G(PLAIN-B/BRAUN),,Medicine,,tablet,No,100,Tablet,,Strip,10,,Box,10,,2
I.V. SET -JMS--V,,Medicine,,tablet,No,100,Tablet,,Strip,10,,Box,10,,2
IFOL TAB,,Medicine,,tablet,No,100,Tablet,,Strip,10,,Box,10,,2
ILAZOL - 10,,Medicine,,tablet,No,100,Tablet,,Strip,10,,Box,10,,2
INCRET - M 500,,Medicine,,tablet,No,100,Tablet,,Strip,10,,Box,10,,2
INDCLAV BID,,Medicine,,tablet,No,100,Tablet,,Strip,10,,Box,10,,2
INDCLAV DS 30ML,,Medicine,,bottle,No,10,Bottle,,,,,,,,1
INDCLAV-625MG,,Medicine,,tablet,No,100,Tablet,,Strip,10,,Box,10,,2
INDO SR-75MG,,Medicine,,tablet,No,100,Tablet,,Strip,10,,Box,10,,2
INDOLAR 25,,Medicine,,tablet,No,100,Tablet,,Strip,10,,Box,10,,2
INFECT-V,,Medicine,,tablet,No,100,Tablet,,Strip,10,,Box,10,,2
INFEXIM-200MG,,Medicine,,tablet,No,100,Tablet,,Strip,10,,Box,10,,2
INFLA GEL 30G.,,Medicine,,tube,No,6,Tube,,,,,,,,1
INFLANAC 100 MG,,Medicine,,tablet,No,100,Tablet,,Strip,10,,Box,10,,2
INHALER VIKS,,Medicine,,box,No,5,Inhaler,,,,,,,,1
INMECIN-25MG,,Medicine,,tablet,No,100,Tablet,,Strip,10,,Box,10,,2
INMECIN-50MG,,Medicine,,tablet,No,100,Tablet,,Strip,10,,Box,10,,2
INTERDENTAL BRUSH-2MM,,Medicine,,tablet,No,100,Tablet,,Strip,10,,Box,10,,2
INVIR CREAM-5GM,,Medicine,,tube,No,6,Tube,,,,,,,,1
IOBET EYE DROP,,Medicine,,drops,No,6,Bottle,,,,,,,,1
IOBRIM E/D,,Medicine,,tablet,No,100,Tablet,,Strip,10,,Box,10,,2
IPRAVENT RESP,,Medicine,,tablet,No,100,Tablet,,Strip,10,,Box,10,,2
IPROD REPSUL,,Medicine,,tablet,No,100,Tablet,,Strip,10,,Box,10,,2
IROX TAB,,Medicine,,tablet,No,100,Tablet,,Strip,10,,Box,10,,2
ITONORM 150 CAP,,Medicine,,capsule,No,100,Capsule,,Strip,10,,Box,10,,2
J.B. MOISTURIZING CREAM,,Medicine,,tube,No,6,Tube,,,,,,,,1
J.B. OIL 100 ML,,Medicine,,bottle,No,10,Bottle,,,,,,,,1
J.B. OIL 200ML,,Medicine,,bottle,No,10,Bottle,,,,,,,,1
J.B. OIL 50 ML,,Medicine,,bottle,No,10,Bottle,,,,,,,,1
J.B. SHAMPOO 50 ML,,Medicine,,bottle,No,10,Bottle,,,,,,,,1
J.B. SHAMPOO-200ML,,Medicine,,bottle,No,10,Bottle,,,,,,,,1
J.B. SOAP 50 G,,Medicine,,box,No,10,Piece,,,,,,,,1
J.B. SOAP-75GR.,,Medicine,,box,No,10,Piece,,,,,,,,1
J.B.MILK SOAP 50 GM.,,Medicine,,box,No,10,Piece,,,,,,,,1
JAIPHAL OIL,,Medicine,,bottle,No,10,Bottle,,,,,,,,1
JANMA GHUNTI 100 ML,,Medicine,,bottle,No,10,Bottle,,,,,,,,1
JEEVAN JAL,,Medicine,,tablet,No,100,Tablet,,Strip,10,,Box,10,,2
JOY VASELINE SMALL,,Medicine,,tablet,No,100,Tablet,,Strip,10,,Box,10,,2
JUBLIN 75MG,,Medicine,,tablet,No,100,Tablet,,Strip,10,,Box,10,,2
KAF-D,,Medicine,,tablet,No,100,Tablet,,Strip,10,,Box,10,,2
KAFKOL SYP -100ML,,Medicine,,bottle,No,10,Bottle,,,,,,,,1
KALINAC-100MG,,Medicine,,tablet,No,100,Tablet,,Strip,10,,Box,10,,2
KANOSAFE C SOAP,,Medicine,,box,No,10,Piece,,,,,,,,1
KARNAMOL C,,Medicine,,tablet,No,100,Tablet,,Strip,10,,Box,10,,2
KASTURI BHUSAN 110ML,,Medicine,,bottle,No,10,Bottle,,,,,,,,1
KASTURI Bhusan 15 ml,,Medicine,,bottle,No,10,Bottle,,,,,,,,1
KASTURI BHUSAN 60 ML,,Medicine,,bottle,No,10,Bottle,,,,,,,,1
KASTURI BHUSAN-30ML,,Medicine,,bottle,No,10,Bottle,,,,,,,,1
KEFIX DRY SYP 60 ML,,Medicine,,bottle,No,10,Bottle,,,,,,,,1
KELAC INJECTION,,Medicine,,vial,No,10,Vial,,,,,,,,1
KELVIN SUSP,,Medicine,,bottle,No,10,Bottle,,,,,,,,1
KET SHAMPOO 50 ML,,Medicine,,bottle,No,10,Bottle,,,,,,,,1
KETALOC INJ,,Medicine,,vial,No,10,Vial,,,,,,,,1
KETANOL 2% SOLUTION-50ML,,Medicine,,bottle,No,10,Bottle,,,,,,,,1
KETCIN SHAMPOO,,Medicine,,bottle,No,10,Bottle,,,,,,,,1
KETLEY SHAMPHO,,Medicine,,tablet,No,100,Tablet,,Strip,10,,Box,10,,2
KETOCONAZOLE SOAP,,Medicine,,box,No,10,Piece,,,,,,,,1
KETODAC TAB,,Medicine,,tablet,No,100,Tablet,,Strip,10,,Box,10,,2
KETODERM OINT,,Medicine,,tube,No,6,Tube,,,,,,,,1
KETOL TAB,,Medicine,,tablet,No,100,Tablet,,Strip,10,,Box,10,,2
KETOLAK-10MG,,Medicine,,tablet,No,100,Tablet,,Strip,10,,Box,10,,2
KETORAL 100MG,,Medicine,,tablet,No,100,Tablet,,Strip,10,,Box,10,,2
KF94 MAKS,,Medicine,,tablet,No,100,Tablet,,Strip,10,,Box,10,,2
KIDOZ BABY TOOTH PASTE,,Medicine,,tube,No,6,Tube,,,,,,,,1
KIDPRED SYP 60 ML,,Medicine,,bottle,No,10,Bottle,,,,,,,,1
KIT KAT TAB,,Medicine,,tablet,No,100,Tablet,,Strip,10,,Box,10,,2
KLAGYL DF SUP,,Medicine,,tablet,No,100,Tablet,,Strip,10,,Box,10,,2
KLYGYL DF TAB,,Medicine,,tablet,No,100,Tablet,,Strip,10,,Box,10,,2
KNEE SUPPORT,,Medicine,,tablet,No,100,Tablet,,Strip,10,,Box,10,,2
KOFTAB,,Medicine,,tablet,No,100,Tablet,,Strip,10,,Box,10,,2
KOFTAB-D TAB,,Medicine,,tablet,No,100,Tablet,,Strip,10,,Box,10,,2
KOJIVIT GEL 15G.,,Medicine,,tube,No,6,Tube,,,,,,,,1
KRACK CREAM,,Medicine,,tube,No,6,Tube,,,,,,,,1
KTDKOF SYP 50ML,,Medicine,,bottle,No,10,Bottle,,,,,,,,1
KYUTEN 100,,Medicine,,tablet,No,100,Tablet,,Strip,10,,Box,10,,2
L- ZYME SYP 100ML,,Medicine,,bottle,No,10,Bottle,,,,,,,,1
L-CTZ SYRUP,,Medicine,,bottle,No,10,Bottle,,,,,,,,1
LACTOGEN-2,,Medicine,,tablet,No,100,Tablet,,Strip,10,,Box,10,,2
LACTOGEN-3,,Medicine,,tablet,No,100,Tablet,,Strip,10,,Box,10,,2
LACTOGEN-4,,Medicine,,tablet,No,100,Tablet,,Strip,10,,Box,10,,2
LACTONOV 170 ML,,Medicine,,bottle,No,10,Bottle,,,,,,,,1
LACULAX 100ML,,Medicine,,bottle,No,10,Bottle,,,,,,,,1
LACULAX SUSP.200ML,,Medicine,,bottle,No,10,Bottle,,,,,,,,1
LANCET-CONTOUR,,Medicine,,tablet,No,100,Tablet,,Strip,10,,Box,10,,2
LANSOPAZ-30MG,,Medicine,,tablet,No,100,Tablet,,Strip,10,,Box,10,,2
LANTUS CARTRIDGE-300IU,,Medicine,,tablet,No,100,Tablet,,Strip,10,,Box,10,,2
LANZIN-5MG,,Medicine,,tablet,No,100,Tablet,,Strip,10,,Box,10,,2
LASITONE TAB,,Medicine,,tablet,No,100,Tablet,,Strip,10,,Box,10,,2
LAXIT-5MG,,Medicine,,tablet,No,100,Tablet,,Strip,10,,Box,10,,2
LEFRA-20MG,,Medicine,,tablet,No,100,Tablet,,Strip,10,,Box,10,,2
LEMO TABLET,,Medicine,,tablet,No,100,Tablet,,Strip,10,,Box,10,,2
LEMVIT CHEWABLE TABLET,,Medicine,,tablet,No,100,Tablet,,Strip,10,,Box,10,,2
LESTOR 10,,Medicine,,tablet,No,100,Tablet,,Strip,10,,Box,10,,2
LESTOR 5 MG,,Medicine,,tablet,No,100,Tablet,,Strip,10,,Box,10,,2
LEVOHIST - M SYRUP,,Medicine,,bottle,No,10,Bottle,,,,,,,,1
LEVOHIST TAB,,Medicine,,tablet,No,100,Tablet,,Strip,10,,Box,10,,2
LEVOHIST-M,,Medicine,,tablet,No,100,Tablet,,Strip,10,,Box,10,,2
LEVOKAST TAB,,Medicine,,tablet,No,100,Tablet,,Strip,10,,Box,10,,2
LEVOMONT TAB\,,Medicine,,tablet,No,100,Tablet,,Strip,10,,Box,10,,2
LEVRIX-5 MG,,Medicine,,tablet,No,100,Tablet,,Strip,10,,Box,10,,2
LIDOLIN GEL 2%,,Medicine,,tube,No,6,Tube,,,,,,,,1
LIGNAT ING,,Medicine,,tablet,No,100,Tablet,,Strip,10,,Box,10,,2
LINA-5 MG,,Medicine,,tablet,No,100,Tablet,,Strip,10,,Box,10,,2
LINAMET-1 GM,,Medicine,,tablet,No,100,Tablet,,Strip,10,,Box,10,,2
LINAMET-500 MG,,Medicine,,tablet,No,100,Tablet,,Strip,10,,Box,10,,2
LINAMET-850 MG,,Medicine,,tablet,No,100,Tablet,,Strip,10,,Box,10,,2
LINATOP M 1000,,Medicine,,tablet,No,100,Tablet,,Strip,10,,Box,10,,2
LINICS E 10,,Medicine,,tablet,No,100,Tablet,,Strip,10,,Box,10,,2
LINICS M 1000,,Medicine,,tablet,No,100,Tablet,,Strip,10,,Box,10,,2
LINICS M 850,,Medicine,,tablet,No,100,Tablet,,Strip,10,,Box,10,,2
LINOX M 500,,Medicine,,tablet,No,100,Tablet,,Strip,10,,Box,10,,2
LINOX M FORTE,,Medicine,,tablet,No,100,Tablet,,Strip,10,,Box,10,,2
LINTAN M 1000,,Medicine,,tablet,No,100,Tablet,,Strip,10,,Box,10,,2
LINTOR 5,,Medicine,,tablet,No,100,Tablet,,Strip,10,,Box,10,,2
LINTOR M 500,,Medicine,,tablet,No,100,Tablet,,Strip,10,,Box,10,,2
LINTOR-M-1000,,Medicine,,tablet,No,100,Tablet,,Strip,10,,Box,10,,2
LINTOR-M-850,,Medicine,,tablet,No,100,Tablet,,Strip,10,,Box,10,,2
LIP BALM (STRAWBERRY),,Medicine,,tube,No,6,Tube,,,,,,,,1
LIP BAM,,Medicine,,tablet,No,100,Tablet,,Strip,10,,Box,10,,2
Lip Bam (HimAlAya),,Medicine,,tablet,No,100,Tablet,,Strip,10,,Box,10,,2
LIPICURE-10MG,,Medicine,,tablet,No,100,Tablet,,Strip,10,,Box,10,,2
LIPITOP 10 MG,,Medicine,,tablet,No,100,Tablet,,Strip,10,,Box,10,,2
LIPTA - M 1GM,,Medicine,,tablet,No,100,Tablet,,Strip,10,,Box,10,,2
LIPTA-M-850 MG,,Medicine,,tablet,No,100,Tablet,,Strip,10,,Box,10,,2
LISOPLEX 200ML,,Medicine,,bottle,No,10,Bottle,,,,,,,,1
LITHOCADE-300 MG,,Medicine,,tablet,No,100,Tablet,,Strip,10,,Box,10,,2
LITO FEEDING BOTTLE,,Medicine,,bottle,No,10,Bottle,,,,,,,,1
LITO PITHO,,Medicine,,tablet,No,100,Tablet,,Strip,10,,Box,10,,2
LIVOLUK-200ML,,Medicine,,bottle,No,10,Bottle,,,,,,,,1
LIVOSAFE SYP-100ML,,Medicine,,bottle,No,10,Bottle,,,,,,,,1
LOCAINE - A ING,,Medicine,,tablet,No,100,Tablet,,Strip,10,,Box,10,,2
LOCARD 50,,Medicine,,tablet,No,100,Tablet,,Strip,10,,Box,10,,2
LOMOHIST COUGH EXPECTORANT,,Medicine,,tablet,No,100,Tablet,,Strip,10,,Box,10,,2
LOMOHIST PAED,,Medicine,,tablet,No,100,Tablet,,Strip,10,,Box,10,,2
LORAV 50,,Medicine,,tablet,No,100,Tablet,,Strip,10,,Box,10,,2
LOSAP-25MG,,Medicine,,tablet,No,100,Tablet,,Strip,10,,Box,10,,2
LOSAP-50MG,,Medicine,,tablet,No,100,Tablet,,Strip,10,,Box,10,,2
LOSAP-H TAB,,Medicine,,tablet,No,100,Tablet,,Strip,10,,Box,10,,2
LOSARTAS-25MG,,Medicine,,tablet,No,100,Tablet,,Strip,10,,Box,10,,2
LOSARTAS-50MG,,Medicine,,tablet,No,100,Tablet,,Strip,10,,Box,10,,2
LOSARTAS-HT,,Medicine,,tablet,No,100,Tablet,,Strip,10,,Box,10,,2
LOSITA-50MG,,Medicine,,tablet,No,100,Tablet,,Strip,10,,Box,10,,2
LOSPIL 50,,Medicine,,tablet,No,100,Tablet,,Strip,10,,Box,10,,2
LOSPILL 20,,Medicine,,tablet,No,100,Tablet,,Strip,10,,Box,10,,2
LOSPILL 25,,Medicine,,tablet,No,100,Tablet,,Strip,10,,Box,10,,2
LOSPILL-H,,Medicine,,tablet,No,100,Tablet,,Strip,10,,Box,10,,2
LOSPO H,,Medicine,,tablet,No,100,Tablet,,Strip,10,,Box,10,,2
LOSTAT 25,,Medicine,,tablet,No,100,Tablet,,Strip,10,,Box,10,,2
LOTACE-25MG,,Medicine,,tablet,No,100,Tablet,,Strip,10,,Box,10,,2
LOTACE-50MG,,Medicine,,tablet,No,100,Tablet,,Strip,10,,Box,10,,2
LOTAN-50MG,,Medicine,,tablet,No,100,Tablet,,Strip,10,,Box,10,,2
LOTAN-H TAB,,Medicine,,tablet,No,100,Tablet,,Strip,10,,Box,10,,2
LOVE NIGHT CONDOM,,Medicine,,tablet,No,100,Tablet,,Strip,10,,Box,10,,2
LOX-2% JELLY,,Medicine,,tablet,No,100,Tablet,,Strip,10,,Box,10,,2
LUBIZEST E/D,,Medicine,,tablet,No,100,Tablet,,Strip,10,,Box,10,,2
LUBRICA EYE DROP,,Medicine,,drops,No,6,Bottle,,,,,,,,1
LUCAST PLUS TAB,,Medicine,,tablet,No,100,Tablet,,Strip,10,,Box,10,,2
LULISAFE CREAM-10GM,,Medicine,,tube,No,6,Tube,,,,,,,,1
LUMBER SACRAL BELT XL,,Medicine,,tablet,No,100,Tablet,,Strip,10,,Box,10,,2
LUMBER SACRAL BELT-LARGE,,Medicine,,tablet,No,100,Tablet,,Strip,10,,Box,10,,2
LUMBER SACRAL BELT-MEDIUM,,Medicine,,tablet,No,100,Tablet,,Strip,10,,Box,10,,2
LUMIN,,Medicine,,tablet,No,100,Tablet,,Strip,10,,Box,10,,2
LUNOV POWDER 50GM,,Medicine,,sachet,No,30,Sachet,,Strip,10,,Box,10,,2
LUX SOAP,,Medicine,,box,No,10,Piece,,,,,,,,1
LUZIROL CREAM 15G,,Medicine,,tube,No,6,Tube,,,,,,,,1
LYCITONE 200ML,,Medicine,,bottle,No,10,Bottle,,,,,,,,1
LYCOR-1% OINTMENT,,Medicine,,tube,No,6,Tube,,,,,,,,1
LYSOMIN SYRUP,,Medicine,,bottle,No,10,Bottle,,,,,,,,1
LYSOVIT -100ML,,Medicine,,bottle,No,10,Bottle,,,,,,,,1
LYSOVIT-200ML,,Medicine,,bottle,No,10,Bottle,,,,,,,,1
LYSOVIVA 200ML,,Medicine,,bottle,No,10,Bottle,,,,,,,,1
M-KAST - L SYP,,Medicine,,bottle,No,10,Bottle,,,,,,,,1
M-KAST -L,,Medicine,,tablet,No,100,Tablet,,Strip,10,,Box,10,,2
MAGPRO CAP,,Medicine,,capsule,No,100,Capsule,,Strip,10,,Box,10,,2
MAMY POKO L4,,Medicine,,tablet,No,100,Tablet,,Strip,10,,Box,10,,2
MAMY POKO L4 INR 69,,Medicine,,tablet,No,100,Tablet,,Strip,10,,Box,10,,2
MAMY POKO M4,,Medicine,,tablet,No,100,Tablet,,Strip,10,,Box,10,,2
MAMY POKO NB,,Medicine,,tablet,No,100,Tablet,,Strip,10,,Box,10,,2
MAMY POKO PANTS (M) - 42,,Medicine,,tablet,No,100,Tablet,,Strip,10,,Box,10,,2
MAMY POKO PANTS L-44(RS 599 ),,Medicine,,tablet,No,100,Tablet,,Strip,10,,Box,10,,2
MAMY POKO PANTS L34(RS 699),,Medicine,,tablet,No,100,Tablet,,Strip,10,,Box,10,,2
MAMY POKO S 4,,Medicine,,tablet,No,100,Tablet,,Strip,10,,Box,10,,2
MAMY POKO S4(RS 399),,Medicine,,tablet,No,100,Tablet,,Strip,10,,Box,10,,2
MAMY POKO XL4,,Medicine,,tablet,No,100,Tablet,,Strip,10,,Box,10,,2
MANA,,Medicine,,tablet,No,100,Tablet,,Strip,10,,Box,10,,2
MASK BLACK,,Medicine,,tablet,No,100,Tablet,,Strip,10,,Box,10,,2
MASK EXTRA PROTECTION,,Medicine,,tablet,No,100,Tablet,,Strip,10,,Box,10,,2
MASK POLUTION,,Medicine,,tablet,No,100,Tablet,,Strip,10,,Box,10,,2
MASK POLUTION (COTTON),,Medicine,,tablet,No,100,Tablet,,Strip,10,,Box,10,,2
MAX 72,,Medicine,,tablet,No,100,Tablet,,Strip,10,,Box,10,,2
MAX D CAP,,Medicine,,capsule,No,100,Capsule,,Strip,10,,Box,10,,2
MAXFRESH ( MOUTH WASH ),,Medicine,,bottle,No,10,Bottle,,,,,,,,1
MAXGALIN M 50,,Medicine,,tablet,No,100,Tablet,,Strip,10,,Box,10,,2
MECO-OD-1500MCG,,Medicine,,tablet,No,100,Tablet,,Strip,10,,Box,10,,2
MECOMIN S-1500MCG,,Medicine,,tablet,No,100,Tablet,,Strip,10,,Box,10,,2
MECON-P 75 MG,,Medicine,,tablet,No,100,Tablet,,Strip,10,,Box,10,,2
MEDIGRA-25MG,,Medicine,,tablet,No,100,Tablet,,Strip,10,,Box,10,,2
MEDIKEER SHAMPOO,,Medicine,,bottle,No,10,Bottle,,,,,,,,1
MEDOMOL-500MG,,Medicine,,tablet,No,100,Tablet,,Strip,10,,Box,10,,2
MEFTAL SPAS 30ML SUSP.,,Medicine,,bottle,No,10,Bottle,,,,,,,,1
MEGA CV FORTE DS,,Medicine,,tablet,No,100,Tablet,,Strip,10,,Box,10,,2
MEGA-CV 60ML,,Medicine,,bottle,No,10,Bottle,,,,,,,,1
MEGA-CV 625MG,,Medicine,,tablet,No,100,Tablet,,Strip,10,,Box,10,,2
MEGAVOG 0.3,,Medicine,,tablet,No,100,Tablet,,Strip,10,,Box,10,,2
MELACARE CREAM 15G.,,Medicine,,tube,No,6,Tube,,,,,,,,1
MELALITE-15 30GR.,,Medicine,,tablet,No,100,Tablet,,Strip,10,,Box,10,,2
MELIN-P 1500,,Medicine,,tablet,No,100,Tablet,,Strip,10,,Box,10,,2
MELMET SR-500MG,,Medicine,,tablet,No,100,Tablet,,Strip,10,,Box,10,,2
MEROCAL 500,,Medicine,,tablet,No,100,Tablet,,Strip,10,,Box,10,,2
MEROCEF 200 DT,,Medicine,,tablet,No,100,Tablet,,Strip,10,,Box,10,,2
MEROFASR 40,,Medicine,,tablet,No,100,Tablet,,Strip,10,,Box,10,,2
MEROKAST -L,,Medicine,,tablet,No,100,Tablet,,Strip,10,,Box,10,,2
MERYL LINCTUS-100ML,,Medicine,,bottle,No,10,Bottle,,,,,,,,1
METFLICS 750,,Medicine,,tablet,No,100,Tablet,,Strip,10,,Box,10,,2
METFLICS G1 FORTE,,Medicine,,tablet,No,100,Tablet,,Strip,10,,Box,10,,2
METFOR G1 FORTE,,Medicine,,tablet,No,100,Tablet,,Strip,10,,Box,10,,2
METFOR G2,,Medicine,,tablet,No,100,Tablet,,Strip,10,,Box,10,,2
METFOR G2 850,,Medicine,,tablet,No,100,Tablet,,Strip,10,,Box,10,,2
METFOR G2 FORTE,,Medicine,,tablet,No,100,Tablet,,Strip,10,,Box,10,,2
METFOR SR-1000MG.,,Medicine,,tablet,No,100,Tablet,,Strip,10,,Box,10,,2
METFOR SR-500MG,,Medicine,,tablet,No,100,Tablet,,Strip,10,,Box,10,,2
METFOR-500MG,,Medicine,,tablet,No,100,Tablet,,Strip,10,,Box,10,,2
METFOR-850MG,,Medicine,,tablet,No,100,Tablet,,Strip,10,,Box,10,,2
METFOR-G1,,Medicine,,tablet,No,100,Tablet,,Strip,10,,Box,10,,2
METFOR-SR-85O MG,,Medicine,,tablet,No,100,Tablet,,Strip,10,,Box,10,,2
METLOC XL-12.5MG,,Medicine,,tablet,No,100,Tablet,,Strip,10,,Box,10,,2
METLOC XL-25MG,,Medicine,,tablet,No,100,Tablet,,Strip,10,,Box,10,,2
METOCARD 12.5 ER,,Medicine,,tablet,No,100,Tablet,,Strip,10,,Box,10,,2
METOCARD-25 ER,,Medicine,,tablet,No,100,Tablet,,Strip,10,,Box,10,,2
METOP XR 50,,Medicine,,tablet,No,100,Tablet,,Strip,10,,Box,10,,2
METRO 200 MG,,Medicine,,tablet,No,100,Tablet,,Strip,10,,Box,10,,2
METRO GEL,,Medicine,,tube,No,6,Tube,,,,,,,,1
METRO SUSPENSION 60 ML,,Medicine,,bottle,No,10,Bottle,,,,,,,,1
METRO-400 MG,,Medicine,,tablet,No,100,Tablet,,Strip,10,,Box,10,,2
METROFAST 400 MG,,Medicine,,tablet,No,100,Tablet,,Strip,10,,Box,10,,2
METROFAST DF TAB,,Medicine,,tablet,No,100,Tablet,,Strip,10,,Box,10,,2
METROREST 100 ML,,Medicine,,bottle,No,10,Bottle,,,,,,,,1
METSI G2,,Medicine,,tablet,No,100,Tablet,,Strip,10,,Box,10,,2
METSI SR 500,,Medicine,,tablet,No,100,Tablet,,Strip,10,,Box,10,,2
METSI SR 850,,Medicine,,tablet,No,100,Tablet,,Strip,10,,Box,10,,2
MICLOGENTA CREAM,,Medicine,,tube,No,6,Tube,,,,,,,,1
MINFOR - 500,,Medicine,,tablet,No,100,Tablet,,Strip,10,,Box,10,,2
MINFOR 1000 SR,,Medicine,,tablet,No,100,Tablet,,Strip,10,,Box,10,,2
MINIL-10MG,,Medicine,,tablet,No,100,Tablet,,Strip,10,,Box,10,,2
MINIL-20MG,,Medicine,,tablet,No,100,Tablet,,Strip,10,,Box,10,,2
MIRAFOLIC - 5,,Medicine,,tablet,No,100,Tablet,,Strip,10,,Box,10,,2
MIRDEP 7.5 MG,,Medicine,,tablet,No,100,Tablet,,Strip,10,,Box,10,,2
MIRTAZ-7.5MG,,Medicine,,tablet,No,100,Tablet,,Strip,10,,Box,10,,2
MIRZAPIN 7.5 MG,,Medicine,,tablet,No,100,Tablet,,Strip,10,,Box,10,,2
MOFUR 15G. CREAM,,Medicine,,tube,No,6,Tube,,,,,,,,1
MOIST EYE DROP-10 ML,,Medicine,,drops,No,6,Bottle,,,,,,,,1
MOIST MAX EYE DROP,,Medicine,,drops,No,6,Bottle,,,,,,,,1
MOISTUREX CREAM 150G,,Medicine,,tube,No,6,Tube,,,,,,,,1
MONKAST LC SYP,,Medicine,,bottle,No,10,Bottle,,,,,,,,1
MONKAST LC TAB,,Medicine,,tablet,No,100,Tablet,,Strip,10,,Box,10,,2
MONOTAX 1G,,Medicine,,tablet,No,100,Tablet,,Strip,10,,Box,10,,2
MOOV 25G. CREAM,,Medicine,,tube,No,6,Tube,,,,,,,,1
MOOV CREAM 15G.,,Medicine,,tube,No,6,Tube,,,,,,,,1
MOOV SPRAY 15ML,,Medicine,,bottle,No,10,Bottle,,,,,,,,1
MOOV SPRAY-35ML,,Medicine,,bottle,No,10,Bottle,,,,,,,,1
MOREASE SR-200MG,,Medicine,,tablet,No,100,Tablet,,Strip,10,,Box,10,,2
MOSQUITO REPELLENT LOTION,,Medicine,,bottle,No,10,Bottle,,,,,,,,1
MOTIVAC ENEMA,,Medicine,,tablet,No,100,Tablet,,Strip,10,,Box,10,,2
MOXYREX-500MG,,Medicine,,tablet,No,100,Tablet,,Strip,10,,Box,10,,2
MOZART-50 MG,,Medicine,,tablet,No,100,Tablet,,Strip,10,,Box,10,,2
MUCIDAL 5G,,Medicine,,tablet,No,100,Tablet,,Strip,10,,Box,10,,2
MUFECT OINT 10GM,,Medicine,,tube,No,6,Tube,,,,,,,,1
MULTI GROTH CAPSUL,,Medicine,,tablet,No,100,Tablet,,Strip,10,,Box,10,,2
MUM BUDS DIAPER S42,,Medicine,,tablet,No,100,Tablet,,Strip,10,,Box,10,,2
MUPI OINTMENT -5GM,,Medicine,,tube,No,6,Tube,,,,,,,,1
MUPIR B OINTMENT,,Medicine,,tube,No,6,Tube,,,,,,,,1
MUPIR OINT-5GM,,Medicine,,tube,No,6,Tube,,,,,,,,1
MUPPLE 10G OINT,,Medicine,,tube,No,6,Tube,,,,,,,,1
MYAMLO-5,,Medicine,,tablet,No,100,Tablet,,Strip,10,,Box,10,,2
MYCOMIN 1500,,Medicine,,tablet,No,100,Tablet,,Strip,10,,Box,10,,2
MYLOD AT,,Medicine,,tablet,No,100,Tablet,,Strip,10,,Box,10,,2
MYLOD-2.5MG,,Medicine,,tablet,No,100,Tablet,,Strip,10,,Box,10,,2
MYLOD-5MG,,Medicine,,tablet,No,100,Tablet,,Strip,10,,Box,10,,2
MYLOD-L,,Medicine,,tablet,No,100,Tablet,,Strip,10,,Box,10,,2
MYLOD-LH,,Medicine,,tablet,No,100,Tablet,,Strip,10,,Box,10,,2
MYOXIN 0.125,,Medicine,,tablet,No,100,Tablet,,Strip,10,,Box,10,,2
MYPRESS L,,Medicine,,tablet,No,100,Tablet,,Strip,10,,Box,10,,2
NACFIL-600MG,,Medicine,,tablet,No,100,Tablet,,Strip,10,,Box,10,,2
NACKED CONDOM ( SKIN LESS ),,Medicine,,tablet,No,100,Tablet,,Strip,10,,Box,10,,2
NACOXIN SR 500,,Medicine,,tablet,No,100,Tablet,,Strip,10,,Box,10,,2
NALBET CREAM,,Medicine,,tube,No,6,Tube,,,,,,,,1
NAPROSYN-500MG,,Medicine,,tablet,No,100,Tablet,,Strip,10,,Box,10,,2
NASIVION S DROPS,,Medicine,,drops,No,6,Bottle,,,,,,,,1
NASIVION-0.01% MINI,,Medicine,,tablet,No,100,Tablet,,Strip,10,,Box,10,,2
NASIVION-0.025% PAEDIATRIC,,Medicine,,tablet,No,100,Tablet,,Strip,10,,Box,10,,2
NASIVION-0.05% ADULT,,Medicine,,tablet,No,100,Tablet,,Strip,10,,Box,10,,2
NEBALIN-75,,Medicine,,tablet,No,100,Tablet,,Strip,10,,Box,10,,2
NEBANOL,,Medicine,,tablet,No,100,Tablet,,Strip,10,,Box,10,,2
NEBULIZER KIT (ADULD),,Medicine,,tablet,No,100,Tablet,,Strip,10,,Box,10,,2
NEBULIZER KIT (PAEDIATRIC),,Medicine,,tablet,No,100,Tablet,,Strip,10,,Box,10,,2
NECIPRO (EYE/EAR DROP ),,Medicine,,drops,No,6,Bottle,,,,,,,,1
NEMOX DROPS,,Medicine,,drops,No,6,Bottle,,,,,,,,1
NEMOX DRY SYRUP-125MG/60ML,,Medicine,,bottle,No,10,Bottle,,,,,,,,1
NEMOX-500MG,,Medicine,,tablet,No,100,Tablet,,Strip,10,,Box,10,,2
NEOPEPTINE-100ML,,Medicine,,bottle,No,10,Bottle,,,,,,,,1
NEOPEPTINE-60ML,,Medicine,,bottle,No,10,Bottle,,,,,,,,1
NEPEX PAEDITRIC SYRUP 50 ML,,Medicine,,bottle,No,10,Bottle,,,,,,,,1
NETFORMIN-G1 FORTE,,Medicine,,tablet,No,100,Tablet,,Strip,10,,Box,10,,2
NEURO B FORTE TAB,,Medicine,,tablet,No,100,Tablet,,Strip,10,,Box,10,,2
NEUROAGE 1500,,Medicine,,tablet,No,100,Tablet,,Strip,10,,Box,10,,2
NEUROCAL TAB,,Medicine,,tablet,No,100,Tablet,,Strip,10,,Box,10,,2
NEWRON-1500MCG,,Medicine,,tablet,No,100,Tablet,,Strip,10,,Box,10,,2
NEXFLAM TAB,,Medicine,,tablet,No,100,Tablet,,Strip,10,,Box,10,,2
NEXPRO FAST 40MG,,Medicine,,tablet,No,100,Tablet,,Strip,10,,Box,10,,2
NIBARAK TEL 60 ML,,Medicine,,bottle,No,10,Bottle,,,,,,,,1
NICAMID HA,,Medicine,,tablet,No,100,Tablet,,Strip,10,,Box,10,,2
NIKO DROPS,,Medicine,,drops,No,6,Bottle,,,,,,,,1
NIKO DS,,Medicine,,tablet,No,100,Tablet,,Strip,10,,Box,10,,2
NIKO SYRUP-60ML,,Medicine,,bottle,No,10,Bottle,,,,,,,,1
NIKO-500MG,,Medicine,,tablet,No,100,Tablet,,Strip,10,,Box,10,,2
NIMECE TABLET-100 MG,,Medicine,,tablet,No,100,Tablet,,Strip,10,,Box,10,,2
NIMS-100MG,,Medicine,,tablet,No,100,Tablet,,Strip,10,,Box,10,,2
NINDANIB 150MG,,Medicine,,tablet,No,100,Tablet,,Strip,10,,Box,10,,2
NINE PAD PURPLE,,Medicine,,tablet,No,100,Tablet,,Strip,10,,Box,10,,2
NINE ULTRA XL PAD,,Medicine,,tablet,No,100,Tablet,,Strip,10,,Box,10,,2
NINJA GEL-30GM,,Medicine,,tube,No,6,Tube,,,,,,,,1
NINJA INJ,,Medicine,,vial,No,10,Vial,,,,,,,,1
NINJA SR 100,,Medicine,,tablet,No,100,Tablet,,Strip,10,,Box,10,,2
NIPID 500 ER,,Medicine,,tablet,No,100,Tablet,,Strip,10,,Box,10,,2
NIPPLE MORRISON,,Medicine,,tablet,No,100,Tablet,,Strip,10,,Box,10,,2
NIPPLE TENDE FLO,,Medicine,,tablet,No,100,Tablet,,Strip,10,,Box,10,,2
NOKOF EXP.,,Medicine,,tablet,No,100,Tablet,,Strip,10,,Box,10,,2
NORDEP 25,,Medicine,,tablet,No,100,Tablet,,Strip,10,,Box,10,,2
NORGEST-5MG,,Medicine,,tablet,No,100,Tablet,,Strip,10,,Box,10,,2
NORMOGEL-SUSP.,,Medicine,,bottle,No,10,Bottle,,,,,,,,1
NORVENT D SYP,,Medicine,,bottle,No,10,Bottle,,,,,,,,1
NOVASURE KIT,,Medicine,,tablet,No,100,Tablet,,Strip,10,,Box,10,,2
NOWAX EAR DROPS-10ML,,Medicine,,drops,No,6,Bottle,,,,,,,,1
NS 50 ML,,Medicine,,bottle,No,10,Bottle,,,,,,,,1
NS-100ML P.P,,Medicine,,bottle,No,10,Bottle,,,,,,,,1
NS-3%100ML,,Medicine,,bottle,No,10,Bottle,,,,,,,,1
NS-500ML,,Medicine,,bottle,No,10,Bottle,,,,,,,,1
NUROBION FORTE,,Medicine,,tablet,No,100,Tablet,,Strip,10,,Box,10,,2
NURVI,,Medicine,,tablet,No,100,Tablet,,Strip,10,,Box,10,,2
NYCIL HERBAL,,Medicine,,tablet,No,100,Tablet,,Strip,10,,Box,10,,2
OCUDOR EYE DROP,,Medicine,,drops,No,6,Bottle,,,,,,,,1
OCUPOL E/E DROPS,,Medicine,,drops,No,6,Bottle,,,,,,,,1
OCUPOL OINTMENT,,Medicine,,tube,No,6,Tube,,,,,,,,1
OCUPOL-D E/E DROPS,,Medicine,,drops,No,6,Bottle,,,,,,,,1
OCUREST EYE DROPS,,Medicine,,drops,No,6,Bottle,,,,,,,,1
ODIPAN 40MG,,Medicine,,tablet,No,100,Tablet,,Strip,10,,Box,10,,2
ODONIL,,Medicine,,tablet,No,100,Tablet,,Strip,10,,Box,10,,2
OFLOZEST E/E DROP,,Medicine,,drops,No,6,Bottle,,,,,,,,1
OFROX E/D,,Medicine,,tablet,No,100,Tablet,,Strip,10,,Box,10,,2
OFROX SUSP,,Medicine,,bottle,No,10,Bottle,,,,,,,,1
OKHATI BODY SOAP,,Medicine,,box,No,10,Piece,,,,,,,,1
OKHATI FACE SOAP,,Medicine,,box,No,10,Piece,,,,,,,,1
OLIMELT-10MG,,Medicine,,tablet,No,100,Tablet,,Strip,10,,Box,10,,2
OLIMELT-15MG,,Medicine,,tablet,No,100,Tablet,,Strip,10,,Box,10,,2
OLIMELT-5MG,,Medicine,,tablet,No,100,Tablet,,Strip,10,,Box,10,,2
OLIZA-10MG,,Medicine,,tablet,No,100,Tablet,,Strip,10,,Box,10,,2
OLIZA-5MG,,Medicine,,tablet,No,100,Tablet,,Strip,10,,Box,10,,2
OLIZA-7.5MG,,Medicine,,tablet,No,100,Tablet,,Strip,10,,Box,10,,2
OLMARK-40,,Medicine,,tablet,No,100,Tablet,,Strip,10,,Box,10,,2
OMCID-20 MG,,Medicine,,tablet,No,100,Tablet,,Strip,10,,Box,10,,2
OMIDOM CAP,,Medicine,,capsule,No,100,Capsule,,Strip,10,,Box,10,,2
OMITRON-2ML INJ.,,Medicine,,vial,No,10,Vial,,,,,,,,1
OMNIPLEX CAP,,Medicine,,capsule,No,100,Capsule,,Strip,10,,Box,10,,2
ON CALL PLUS STRIPS-25'S,,Medicine,,tablet,No,100,Tablet,,Strip,10,,Box,10,,2
ONCOTREX-7.5MG,,Medicine,,tablet,No,100,Tablet,,Strip,10,,Box,10,,2
ONDA SYRUP,,Medicine,,bottle,No,10,Bottle,,,,,,,,1
ONDA-4MG,,Medicine,,tablet,No,100,Tablet,,Strip,10,,Box,10,,2
ONTRON SYRUP-30ML,,Medicine,,bottle,No,10,Bottle,,,,,,,,1
OPD-1 (OLOPATADINE EYE DROP,,Medicine,,drops,No,6,Bottle,,,,,,,,1
OPTHA CARE EYE DROP,,Medicine,,drops,No,6,Bottle,,,,,,,,1
OPTIVE LUBRICANT -5 MG EYE DROPS,,Medicine,,drops,No,6,Bottle,,,,,,,,1
OQUIN EYE DROP,,Medicine,,drops,No,6,Bottle,,,,,,,,1
ORAGUM GEL 10GM,,Medicine,,tube,No,6,Tube,,,,,,,,1
ORNITAB 500 MG,,Medicine,,tablet,No,100,Tablet,,Strip,10,,Box,10,,2
ORO HEAL-5GM,,Medicine,,tablet,No,100,Tablet,,Strip,10,,Box,10,,2
OROCARE GEL 5G,,Medicine,,tube,No,6,Tube,,,,,,,,1
OROHEX - M,,Medicine,,tablet,No,100,Tablet,,Strip,10,,Box,10,,2
OROSAFE M/W 100ML,,Medicine,,bottle,No,10,Bottle,,,,,,,,1
ORS BOTTLE,,Medicine,,sachet,No,30,Sachet,,Strip,10,,Box,10,,2
ORTIZA 500 mg,,Medicine,,tablet,No,100,Tablet,,Strip,10,,Box,10,,2
OSTEFEN-200XR,,Medicine,,tablet,No,100,Tablet,,Strip,10,,Box,10,,2
OSTOFLEX OIL,,Medicine,,bottle,No,10,Bottle,,,,,,,,1
OSTONAC DT TAB,,Medicine,,tablet,No,100,Tablet,,Strip,10,,Box,10,,2
OSTONAC MOUTH WASH,,Medicine,,bottle,No,10,Bottle,,,,,,,,1
OTOREX EAR DROPS,,Medicine,,drops,No,6,Bottle,,,,,,,,1
OTOSOFT EAR DROPS,,Medicine,,drops,No,6,Bottle,,,,,,,,1
OZE-10MG,,Medicine,,tablet,No,100,Tablet,,Strip,10,,Box,10,,2
OZE-2.5MG,,Medicine,,tablet,No,100,Tablet,,Strip,10,,Box,10,,2
OZE-5MG,,Medicine,,tablet,No,100,Tablet,,Strip,10,,Box,10,,2
OZOVAS-10MG,,Medicine,,tablet,No,100,Tablet,,Strip,10,,Box,10,,2
P-GUT 40 MG,,Medicine,,tablet,No,100,Tablet,,Strip,10,,Box,10,,2
P-ONE-10MG,,Medicine,,tablet,No,100,Tablet,,Strip,10,,Box,10,,2
P-ONE-40MG,,Medicine,,tablet,No,100,Tablet,,Strip,10,,Box,10,,2
PAAZ-0.25MG,,Medicine,,tablet,No,100,Tablet,,Strip,10,,Box,10,,2
PAAZ-0.5MG,,Medicine,,tablet,No,100,Tablet,,Strip,10,,Box,10,,2
PACIMOL SUSP.,,Medicine,,bottle,No,10,Bottle,,,,,,,,1
PADELUX PAD,,Medicine,,tablet,No,100,Tablet,,Strip,10,,Box,10,,2
PAINCURE GEL 30GM,,Medicine,,tube,No,6,Tube,,,,,,,,1
PAINRIL MD,,Medicine,,tablet,No,100,Tablet,,Strip,10,,Box,10,,2
PAINZOX TAB,,Medicine,,tablet,No,100,Tablet,,Strip,10,,Box,10,,2
PANCARE DSR,,Medicine,,tablet,No,100,Tablet,,Strip,10,,Box,10,,2
PANDOM DSR,,Medicine,,tablet,No,100,Tablet,,Strip,10,,Box,10,,2
PANICARE 60ML,,Medicine,,bottle,No,10,Bottle,,,,,,,,1
PANKAM INGECTION,,Medicine,,tablet,No,100,Tablet,,Strip,10,,Box,10,,2
PANKAM INJECTION,,Medicine,,vial,No,10,Vial,,,,,,,,1
PANLOC FAST DSR,,Medicine,,tablet,No,100,Tablet,,Strip,10,,Box,10,,2
PANOFLAM TAB.,,Medicine,,tablet,No,100,Tablet,,Strip,10,,Box,10,,2
PANOLASE TAB,,Medicine,,tablet,No,100,Tablet,,Strip,10,,Box,10,,2
PANPRAZ 40 MG,,Medicine,,tablet,No,100,Tablet,,Strip,10,,Box,10,,2
PANPRAZ DSR,,Medicine,,tablet,No,100,Tablet,,Strip,10,,Box,10,,2
PANPURE-20MG,,Medicine,,tablet,No,100,Tablet,,Strip,10,,Box,10,,2
PANRID 40 TAB,,Medicine,,tablet,No,100,Tablet,,Strip,10,,Box,10,,2
PANSAFE D TAB,,Medicine,,tablet,No,100,Tablet,,Strip,10,,Box,10,,2
PANTA FAST 40 MG,,Medicine,,tablet,No,100,Tablet,,Strip,10,,Box,10,,2
PANTA FAST-DSR,,Medicine,,tablet,No,100,Tablet,,Strip,10,,Box,10,,2
PANTO PLUS,,Medicine,,tablet,No,100,Tablet,,Strip,10,,Box,10,,2
PANTY LINER,,Medicine,,tablet,No,100,Tablet,,Strip,10,,Box,10,,2
PANZOL 40 INJ,,Medicine,,vial,No,10,Vial,,,,,,,,1
PAPAYA SOAP 100 GM,,Medicine,,box,No,10,Piece,,,,,,,,1
PAPER TAPE,,Medicine,,tablet,No,100,Tablet,,Strip,10,,Box,10,,2
PARACHUTE BABY CREAM 50G,,Medicine,,tube,No,6,Tube,,,,,,,,1
PARACHUTE BABY OIL 100 ML,,Medicine,,bottle,No,10,Bottle,,,,,,,,1
PARACHUTE BABY OIL 250ML,,Medicine,,bottle,No,10,Bottle,,,,,,,,1
PARACHUTE BABY POWDER 100G,,Medicine,,sachet,No,30,Sachet,,Strip,10,,Box,10,,2
PARACHUTE COCNUTE OIL 175ML,,Medicine,,bottle,No,10,Bottle,,,,,,,,1
PARACHUTE POWDER 50G,,Medicine,,sachet,No,30,Sachet,,Strip,10,,Box,10,,2
PARAFLAM SUSPENSION,,Medicine,,bottle,No,10,Bottle,,,,,,,,1
PARAZOX,,Medicine,,tablet,No,100,Tablet,,Strip,10,,Box,10,,2
PASIT 100 ML,,Medicine,,bottle,No,10,Bottle,,,,,,,,1
PEDIASURE V/F 375GM,,Medicine,,tablet,No,100,Tablet,,Strip,10,,Box,10,,2
PEPSERA-10 MG,,Medicine,,tablet,No,100,Tablet,,Strip,10,,Box,10,,2
PEPTOZYME SYRUP-100 ML,,Medicine,,bottle,No,10,Bottle,,,,,,,,1
PEPZEN 10 MG,,Medicine,,tablet,No,100,Tablet,,Strip,10,,Box,10,,2
PERIDOX-100MG,,Medicine,,tablet,No,100,Tablet,,Strip,10,,Box,10,,2
PEXEP CR-12.5MG,,Medicine,,tablet,No,100,Tablet,,Strip,10,,Box,10,,2
PEXEP CR-25MG,,Medicine,,tablet,No,100,Tablet,,Strip,10,,Box,10,,2
PFOTY DSR,,Medicine,,tablet,No,100,Tablet,,Strip,10,,Box,10,,2
PHYTORAL OINT,,Medicine,,tube,No,6,Tube,,,,,,,,1
PILCORT H INJ,,Medicine,,vial,No,10,Vial,,,,,,,,1
PILEX OINTMENT-30G,,Medicine,,tube,No,6,Tube,,,,,,,,1
PILEX TAB-60'S,,Medicine,,tablet,No,100,Tablet,,Strip,10,,Box,10,,2
PIOCEF-200MG,,Medicine,,tablet,No,100,Tablet,,Strip,10,,Box,10,,2
PLACENTREX GEL-20GM.,,Medicine,,tube,No,6,Tube,,,,,,,,1
PLASTER OF PARIS BANDAGE 4 INCH,,Medicine,,tablet,No,100,Tablet,,Strip,10,,Box,10,,2
PLASTER OF PARIS BANDAGE 6 INCH,,Medicine,,tablet,No,100,Tablet,,Strip,10,,Box,10,,2
POCKET TISSUE,,Medicine,,tablet,No,100,Tablet,,Strip,10,,Box,10,,2
POLYDERM CREAM-15GR.,,Medicine,,tube,No,6,Tube,,,,,,,,1
POLYSPORIN 5 GM,,Medicine,,tablet,No,100,Tablet,,Strip,10,,Box,10,,2
POTASSIUM-20GR.,,Medicine,,tablet,No,100,Tablet,,Strip,10,,Box,10,,2
POTSIM-170ML,,Medicine,,bottle,No,10,Bottle,,,,,,,,1
PRE-Z 75,,Medicine,,tablet,No,100,Tablet,,Strip,10,,Box,10,,2
PREGA NEWS UPT KIT,,Medicine,,tablet,No,100,Tablet,,Strip,10,,Box,10,,2
PREGA-M CAPSULE,,Medicine,,capsule,No,100,Capsule,,Strip,10,,Box,10,,2
PREGABA-75MG,,Medicine,,tablet,No,100,Tablet,,Strip,10,,Box,10,,2
PREGASOFT M 1500,,Medicine,,tablet,No,100,Tablet,,Strip,10,,Box,10,,2
PREGNANCY TEST,,Medicine,,tablet,No,100,Tablet,,Strip,10,,Box,10,,2
PREMARIN 0.625MG,,Medicine,,tablet,No,100,Tablet,,Strip,10,,Box,10,,2
PREMARIN VAGINAL CREAM 14G.,,Medicine,,tube,No,6,Tube,,,,,,,,1
PRESIN *H,,Medicine,,tablet,No,100,Tablet,,Strip,10,,Box,10,,2
PRESIN LH,,Medicine,,tablet,No,100,Tablet,,Strip,10,,Box,10,,2
PRIMOCIN - F,,Medicine,,tablet,No,100,Tablet,,Strip,10,,Box,10,,2
PRIMOL DS 60ML,,Medicine,,bottle,No,10,Bottle,,,,,,,,1
PRO EASE PAD,,Medicine,,tablet,No,100,Tablet,,Strip,10,,Box,10,,2
PROATE 300,,Medicine,,tablet,No,100,Tablet,,Strip,10,,Box,10,,2
PROATE 500,,Medicine,,tablet,No,100,Tablet,,Strip,10,,Box,10,,2
PROBIOTIC SPRAY(MOUTH SPRAY),,Medicine,,bottle,No,10,Bottle,,,,,,,,1
PROCEDURE,,Medicine,,tablet,No,100,Tablet,,Strip,10,,Box,10,,2
PRODOXIME 100MG SYRUP,,Medicine,,bottle,No,10,Bottle,,,,,,,,1
PRODOXIME-200MG,,Medicine,,tablet,No,100,Tablet,,Strip,10,,Box,10,,2
PROLENE 4-0 C/B 870,,Medicine,,tablet,No,100,Tablet,,Strip,10,,Box,10,,2
PROTEK OINTMENT 15GM.,,Medicine,,tube,No,6,Tube,,,,,,,,1
PROTIUM 40MG,,Medicine,,tablet,No,100,Tablet,,Strip,10,,Box,10,,2
PROTOGYL DF TAB,,Medicine,,tablet,No,100,Tablet,,Strip,10,,Box,10,,2
PROTOGYL DF-SUSP.,,Medicine,,bottle,No,10,Bottle,,,,,,,,1
PROTOGYL FORTE-400MG,,Medicine,,tablet,No,100,Tablet,,Strip,10,,Box,10,,2
PUDIN HARA,,Medicine,,tablet,No,100,Tablet,,Strip,10,,Box,10,,2
PULCER-D,,Medicine,,tablet,No,100,Tablet,,Strip,10,,Box,10,,2
PULCIMOL REPSUL,,Medicine,,tablet,No,100,Tablet,,Strip,10,,Box,10,,2
PULSE OXYMETER CHOICEMED,,Medicine,,tablet,No,100,Tablet,,Strip,10,,Box,10,,2
PURE DIAPER L,,Medicine,,tablet,No,100,Tablet,,Strip,10,,Box,10,,2
PURE DIAPER M,,Medicine,,tablet,No,100,Tablet,,Strip,10,,Box,10,,2
PURE DIAPER S5,,Medicine,,tablet,No,100,Tablet,,Strip,10,,Box,10,,2
PYLORID 20,,Medicine,,tablet,No,100,Tablet,,Strip,10,,Box,10,,2
PYVITA-10MG,,Medicine,,tablet,No,100,Tablet,,Strip,10,,Box,10,,2
QUINOCIN-FC 5 GM,,Medicine,,tablet,No,100,Tablet,,Strip,10,,Box,10,,2
QUTIPINE-50MG,,Medicine,,tablet,No,100,Tablet,,Strip,10,,Box,10,,2
R-STAT 10,,Medicine,,tablet,No,100,Tablet,,Strip,10,,Box,10,,2
R-STAT 20,,Medicine,,tablet,No,100,Tablet,,Strip,10,,Box,10,,2
R.B. TONE-200ML,,Medicine,,bottle,No,10,Bottle,,,,,,,,1
RA THERMOSESAL,,Medicine,,tablet,No,100,Tablet,,Strip,10,,Box,10,,2
RABIFAST 20,,Medicine,,tablet,No,100,Tablet,,Strip,10,,Box,10,,2
RABLOC 20 MG,,Medicine,,tablet,No,100,Tablet,,Strip,10,,Box,10,,2
RACID GEL 170 ML,,Medicine,,tube,No,6,Tube,,,,,,,,1
RANICARE 60 ML,,Medicine,,bottle,No,10,Bottle,,,,,,,,1
RANIPED SYRUP,,Medicine,,bottle,No,10,Bottle,,,,,,,,1
RANIVA INJECTION,,Medicine,,vial,No,10,Vial,,,,,,,,1
RAPZOL,,Medicine,,tablet,No,100,Tablet,,Strip,10,,Box,10,,2
RECTIFIED SPIRIT-400ML,,Medicine,,bottle,No,10,Bottle,,,,,,,,1
REHAB-50MG,,Medicine,,tablet,No,100,Tablet,,Strip,10,,Box,10,,2
RELICALM PLUS 5,,Medicine,,tablet,No,100,Tablet,,Strip,10,,Box,10,,2
RELUB EYE DROPS 10ML,,Medicine,,drops,No,6,Bottle,,,,,,,,1
RELYTE (ORS),,Medicine,,sachet,No,30,Sachet,,Strip,10,,Box,10,,2
REMECIN-B,,Medicine,,tablet,No,100,Tablet,,Strip,10,,Box,10,,2
REMEGYL DF SUS,,Medicine,,tablet,No,100,Tablet,,Strip,10,,Box,10,,2
REMIGAP 50,,Medicine,,tablet,No,100,Tablet,,Strip,10,,Box,10,,2
REPACE-H TAB,,Medicine,,tablet,No,100,Tablet,,Strip,10,,Box,10,,2
RESERT-25MG,,Medicine,,tablet,No,100,Tablet,,Strip,10,,Box,10,,2
RESERT-50MG,,Medicine,,tablet,No,100,Tablet,,Strip,10,,Box,10,,2
RESERT-H TAB,,Medicine,,tablet,No,100,Tablet,,Strip,10,,Box,10,,2
RETIDERM 0.05% GEL,,Medicine,,tube,No,6,Tube,,,,,,,,1
RETUNE SR,,Medicine,,tablet,No,100,Tablet,,Strip,10,,Box,10,,2
REXAMOL 500 mg,,Medicine,,tablet,No,100,Tablet,,Strip,10,,Box,10,,2
REXIPRA-5MG,,Medicine,,tablet,No,100,Tablet,,Strip,10,,Box,10,,2
RHINEX SYRUP,,Medicine,,bottle,No,10,Bottle,,,,,,,,1
RHINEX TAB,,Medicine,,tablet,No,100,Tablet,,Strip,10,,Box,10,,2
RHINOZOL 0.05 15ML,,Medicine,,bottle,No,10,Bottle,,,,,,,,1
RHINOZOL NASAL DROPS,,Medicine,,drops,No,6,Bottle,,,,,,,,1
RHUMASYL LOTION,,Medicine,,bottle,No,10,Bottle,,,,,,,,1
RIFAXIM 550,,Medicine,,tablet,No,100,Tablet,,Strip,10,,Box,10,,2
RILIZ SYP 200ML,,Medicine,,bottle,No,10,Bottle,,,,,,,,1
RINE M TAB,,Medicine,,tablet,No,100,Tablet,,Strip,10,,Box,10,,2
RINGER LACTED-500ML,,Medicine,,bottle,No,10,Bottle,,,,,,,,1
RISPER-3MG,,Medicine,,tablet,No,100,Tablet,,Strip,10,,Box,10,,2
RITCH LOTION,,Medicine,,bottle,No,10,Bottle,,,,,,,,1
RIVAROX 15,,Medicine,,tablet,No,100,Tablet,,Strip,10,,Box,10,,2
RIXAB 10,,Medicine,,tablet,No,100,Tablet,,Strip,10,,Box,10,,2
RIZICET-10MG,,Medicine,,tablet,No,100,Tablet,,Strip,10,,Box,10,,2
RIZORA 10 MG,,Medicine,,tablet,No,100,Tablet,,Strip,10,,Box,10,,2
ROLBACT 5GM,,Medicine,,tablet,No,100,Tablet,,Strip,10,,Box,10,,2
ROLFAST 20 TAB,,Medicine,,tablet,No,100,Tablet,,Strip,10,,Box,10,,2
ROLI 10GM,,Medicine,,tablet,No,100,Tablet,,Strip,10,,Box,10,,2
ROLIGRA 120 MG,,Medicine,,tablet,No,100,Tablet,,Strip,10,,Box,10,,2
ROLIGRA 180 MG,,Medicine,,tablet,No,100,Tablet,,Strip,10,,Box,10,,2
ROLL BANDAGE = 3 iNCH,,Medicine,,tablet,No,100,Tablet,,Strip,10,,Box,10,,2
"ROLL BANDAGE 4""--V",,Medicine,,tablet,No,100,Tablet,,Strip,10,,Box,10,,2
"ROLL BANDAGE-6""",,Medicine,,tablet,No,100,Tablet,,Strip,10,,Box,10,,2
ROLPLEX Z CAP,,Medicine,,capsule,No,100,Capsule,,Strip,10,,Box,10,,2
ROLSARTAN - 25,,Medicine,,tablet,No,100,Tablet,,Strip,10,,Box,10,,2
ROLSARTAN-M-500,,Medicine,,tablet,No,100,Tablet,,Strip,10,,Box,10,,2
ROPIROCIN 10,,Medicine,,tablet,No,100,Tablet,,Strip,10,,Box,10,,2
ROPIROCIN 5GM,,Medicine,,tablet,No,100,Tablet,,Strip,10,,Box,10,,2
ROPOD 200 DT,,Medicine,,tablet,No,100,Tablet,,Strip,10,,Box,10,,2
ROSAPAN DSR,,Medicine,,tablet,No,100,Tablet,,Strip,10,,Box,10,,2
ROSE FACE SOAO 60GM,,Medicine,,tablet,No,100,Tablet,,Strip,10,,Box,10,,2
ROSE WATER,,Medicine,,tablet,No,100,Tablet,,Strip,10,,Box,10,,2
ROSUREX 10,,Medicine,,tablet,No,100,Tablet,,Strip,10,,Box,10,,2
ROTAHELAR--P,,Medicine,,tablet,No,100,Tablet,,Strip,10,,Box,10,,2
ROTAHELAR--V,,Medicine,,tablet,No,100,Tablet,,Strip,10,,Box,10,,2
ROTRAZOL 200 MG,,Medicine,,tablet,No,100,Tablet,,Strip,10,,Box,10,,2
ROVAS-10MG,,Medicine,,tablet,No,100,Tablet,,Strip,10,,Box,10,,2
ROVAS-5MG,,Medicine,,tablet,No,100,Tablet,,Strip,10,,Box,10,,2
ROVASTIN-20MG,,Medicine,,tablet,No,100,Tablet,,Strip,10,,Box,10,,2
ROVASTIN-5MG,,Medicine,,tablet,No,100,Tablet,,Strip,10,,Box,10,,2
ROVASTOR 10,,Medicine,,tablet,No,100,Tablet,,Strip,10,,Box,10,,2
ROVISTA 10,,Medicine,,tablet,No,100,Tablet,,Strip,10,,Box,10,,2
ROVISTA 5,,Medicine,,tablet,No,100,Tablet,,Strip,10,,Box,10,,2
ROXICEF 500,,Medicine,,tablet,No,100,Tablet,,Strip,10,,Box,10,,2
ROZAVRL EZ,,Medicine,,tablet,No,100,Tablet,,Strip,10,,Box,10,,2
RYZODEG PENFILL,,Medicine,,tablet,No,100,Tablet,,Strip,10,,Box,10,,2
SACURA 100MG,,Medicine,,tablet,No,100,Tablet,,Strip,10,,Box,10,,2
SAFI 200ML,,Medicine,,bottle,No,10,Bottle,,,,,,,,1
SAGUN DIAPER L4,,Medicine,,tablet,No,100,Tablet,,Strip,10,,Box,10,,2
SAGUN DIAPER S,,Medicine,,tablet,No,100,Tablet,,Strip,10,,Box,10,,2
SAGUN PAD NIGHT BLACK,,Medicine,,tablet,No,100,Tablet,,Strip,10,,Box,10,,2
SAGUN PAD XL 290MM,,Medicine,,tablet,No,100,Tablet,,Strip,10,,Box,10,,2
SALMOL-4MG,,Medicine,,tablet,No,100,Tablet,,Strip,10,,Box,10,,2
SALSA 40 OINT,,Medicine,,tube,No,6,Tube,,,,,,,,1
SALYZAP BODY ACNE SPRAY,,Medicine,,bottle,No,10,Bottle,,,,,,,,1
SANITARY PADS (H.D.),,Medicine,,tablet,No,100,Tablet,,Strip,10,,Box,10,,2
SARBOTTAM MIXED FRUIT,,Medicine,,tablet,No,100,Tablet,,Strip,10,,Box,10,,2
SARTEL-20MG,,Medicine,,tablet,No,100,Tablet,,Strip,10,,Box,10,,2
SARTEL-40MG,,Medicine,,tablet,No,100,Tablet,,Strip,10,,Box,10,,2
SARTEL-80MG,,Medicine,,tablet,No,100,Tablet,,Strip,10,,Box,10,,2
SARTEL-H,,Medicine,,tablet,No,100,Tablet,,Strip,10,,Box,10,,2
SATU,,Medicine,,tablet,No,100,Tablet,,Strip,10,,Box,10,,2
SAVACORT 6/400,,Medicine,,tablet,No,100,Tablet,,Strip,10,,Box,10,,2
SBZ CAP,,Medicine,,capsule,No,100,Capsule,,Strip,10,,Box,10,,2
SBZ SYRUP 210ML,,Medicine,,bottle,No,10,Bottle,,,,,,,,1
SCABCAVIT SOAP,,Medicine,,box,No,10,Piece,,,,,,,,1
SCANIL LOTION,,Medicine,,bottle,No,10,Bottle,,,,,,,,1
SCAR Z SOLUTION,,Medicine,,bottle,No,10,Bottle,,,,,,,,1
SCARFIX TX CREAM,,Medicine,,tube,No,6,Tube,,,,,,,,1
SCARIN LOSTION,,Medicine,,tablet,No,100,Tablet,,Strip,10,,Box,10,,2
SCISSOR,,Medicine,,tablet,No,100,Tablet,,Strip,10,,Box,10,,2
SECWIN 1000MG,,Medicine,,tablet,No,100,Tablet,,Strip,10,,Box,10,,2
SECZYL-DS,,Medicine,,tablet,No,100,Tablet,,Strip,10,,Box,10,,2
SELCAINE JELLY 2,,Medicine,,tablet,No,100,Tablet,,Strip,10,,Box,10,,2
SELSUN BIG,,Medicine,,tablet,No,100,Tablet,,Strip,10,,Box,10,,2
SENSARIL 25 TAB,,Medicine,,tablet,No,100,Tablet,,Strip,10,,Box,10,,2
SENSITIVE BABY WIPS,,Medicine,,tablet,No,100,Tablet,,Strip,10,,Box,10,,2
SENSODYNE (SENSITIVE & GUM) 70G,,Medicine,,tablet,No,100,Tablet,,Strip,10,,Box,10,,2
SENSODYNE 40G FRESH GEL,,Medicine,,tube,No,6,Tube,,,,,,,,1
SENSODYNE BRUSH,,Medicine,,tablet,No,100,Tablet,,Strip,10,,Box,10,,2
SENSODYNE TOOTH BRUSH 2+1,,Medicine,,tablet,No,100,Tablet,,Strip,10,,Box,10,,2
SEROFLO-250 ROTACAPS,,Medicine,,box,No,5,Inhaler,,,,,,,,1
SERWELL 100 MG,,Medicine,,tablet,No,100,Tablet,,Strip,10,,Box,10,,2
SET TABLET,,Medicine,,tablet,No,100,Tablet,,Strip,10,,Box,10,,2
SHADOW 50+ GEL,,Medicine,,tube,No,6,Tube,,,,,,,,1
SHINE D DROPS,,Medicine,,drops,No,6,Bottle,,,,,,,,1
SILGARD OINT,,Medicine,,tube,No,6,Tube,,,,,,,,1
SILOCIN 4 MG,,Medicine,,tablet,No,100,Tablet,,Strip,10,,Box,10,,2
SILOSIN 8,,Medicine,,tablet,No,100,Tablet,,Strip,10,,Box,10,,2
SILVIN CREAM 25G,,Medicine,,tube,No,6,Tube,,,,,,,,1
SILZINE CREAM 25G,,Medicine,,tube,No,6,Tube,,,,,,,,1
SINAREST SYRUP 100ML,,Medicine,,bottle,No,10,Bottle,,,,,,,,1
SINAREST-S NASAL SPRAY/DROPS 15ML,,Medicine,,drops,No,6,Bottle,,,,,,,,1
SINEX,,Medicine,,tablet,No,100,Tablet,,Strip,10,,Box,10,,2
SINEX MINI SUSP,,Medicine,,bottle,No,10,Bottle,,,,,,,,1
SINEX SUSPENSION 60 ML,,Medicine,,bottle,No,10,Bottle,,,,,,,,1
SIOGENE 170ML,,Medicine,,bottle,No,10,Bottle,,,,,,,,1
SIPTIN M-1000MG,,Medicine,,tablet,No,100,Tablet,,Strip,10,,Box,10,,2
SIPTIN M-500MG,,Medicine,,tablet,No,100,Tablet,,Strip,10,,Box,10,,2
SIPTIN M-850MG,,Medicine,,tablet,No,100,Tablet,,Strip,10,,Box,10,,2
SIPTIN-100MG,,Medicine,,tablet,No,100,Tablet,,Strip,10,,Box,10,,2
SIPTIN-50MG,,Medicine,,tablet,No,100,Tablet,,Strip,10,,Box,10,,2
SITA-M-850 MG,,Medicine,,tablet,No,100,Tablet,,Strip,10,,Box,10,,2
SITAMET-SR 500,,Medicine,,tablet,No,100,Tablet,,Strip,10,,Box,10,,2
SITAMET-SR-1000 MG,,Medicine,,tablet,No,100,Tablet,,Strip,10,,Box,10,,2
SITCOM-100MG,,Medicine,,tablet,No,100,Tablet,,Strip,10,,Box,10,,2
SITUS M 1000,,Medicine,,tablet,No,100,Tablet,,Strip,10,,Box,10,,2
SIZODON MD 0.5 MG,,Medicine,,tablet,No,100,Tablet,,Strip,10,,Box,10,,2
SKARFIX CREAM 20G.(FIX DERMA),,Medicine,,tube,No,6,Tube,,,,,,,,1
SMARTAN - AM,,Medicine,,tablet,No,100,Tablet,,Strip,10,,Box,10,,2
SMULAC LIQUID 200ML,,Medicine,,bottle,No,10,Bottle,,,,,,,,1
SOFT BIOVIT CAP,,Medicine,,capsule,No,100,Capsule,,Strip,10,,Box,10,,2
SOFTY PAD,,Medicine,,tablet,No,100,Tablet,,Strip,10,,Box,10,,2
SOFTY PAD 10 PC,,Medicine,,tablet,No,100,Tablet,,Strip,10,,Box,10,,2
SOFTY PAD GREEN,,Medicine,,tablet,No,100,Tablet,,Strip,10,,Box,10,,2
SOFY (ANTI-BACTERIAL),,Medicine,,tablet,No,100,Tablet,,Strip,10,,Box,10,,2
SOFY (BODY FIT),,Medicine,,tablet,No,100,Tablet,,Strip,10,,Box,10,,2
SONADERM NM CREAM,,Medicine,,tube,No,6,Tube,,,,,,,,1
SONADERM-GM-10GR.,,Medicine,,tablet,No,100,Tablet,,Strip,10,,Box,10,,2
SOTHEX BM,,Medicine,,tablet,No,100,Tablet,,Strip,10,,Box,10,,2
SPASPAIN TAB,,Medicine,,tablet,No,100,Tablet,,Strip,10,,Box,10,,2
SPAZOX TAB.,,Medicine,,tablet,No,100,Tablet,,Strip,10,,Box,10,,2
SPRIL F TAB,,Medicine,,tablet,No,100,Tablet,,Strip,10,,Box,10,,2
STADERM CREAM,,Medicine,,tube,No,6,Tube,,,,,,,,1
STAGEL SUSP-170ML,,Medicine,,bottle,No,10,Bottle,,,,,,,,1
STAL-LACT SYRUP,,Medicine,,bottle,No,10,Bottle,,,,,,,,1
STAYFREE ALL NIGHT,,Medicine,,tablet,No,100,Tablet,,Strip,10,,Box,10,,2
STAYFREE SECURE XL,,Medicine,,tablet,No,100,Tablet,,Strip,10,,Box,10,,2
STEMETIL-5MG,,Medicine,,tablet,No,100,Tablet,,Strip,10,,Box,10,,2
STONIL SYRUP 200ML,,Medicine,,bottle,No,10,Bottle,,,,,,,,1
STONIL TAB.,,Medicine,,tablet,No,100,Tablet,,Strip,10,,Box,10,,2
STREPSILS,,Medicine,,tablet,No,100,Tablet,,Strip,10,,Box,10,,2
SUCARB EAR DROP,,Medicine,,drops,No,6,Bottle,,,,,,,,1
SUCRAFIL SUSP.,,Medicine,,bottle,No,10,Bottle,,,,,,,,1
SUGAR FREE 100 PELLETS,,Medicine,,tablet,No,100,Tablet,,Strip,10,,Box,10,,2
SUGAR FREE GOLD 300+10PELLETS,,Medicine,,tablet,No,100,Tablet,,Strip,10,,Box,10,,2
SULPTREX RESPULES,,Medicine,,box,No,5,Inhaler,,,,,,,,1
SUNSCRIV SUNSCREEN LOTION 100ML,,Medicine,,bottle,No,10,Bottle,,,,,,,,1
SUPRAMOX CV 625,,Medicine,,tablet,No,100,Tablet,,Strip,10,,Box,10,,2
SUPRAMOX CV BID 60ML,,Medicine,,bottle,No,10,Bottle,,,,,,,,1
SURGICAL GLOVES -6.5 SIZE(P),,Medicine,,tablet,No,100,Tablet,,Strip,10,,Box,10,,2
SWICH 100MG DRY SYRUP 30ML,,Medicine,,bottle,No,10,Bottle,,,,,,,,1
SWIFTUS EXP SYRUP,,Medicine,,bottle,No,10,Bottle,,,,,,,,1
SYNO PILL,,Medicine,,tablet,No,100,Tablet,,Strip,10,,Box,10,,2
SYNTRAN-100 MG,,Medicine,,tablet,No,100,Tablet,,Strip,10,,Box,10,,2
SYRINGE- 3ML(KANA),,Medicine,,bottle,No,10,Bottle,,,,,,,,1
SYRINGE- 5ML-KANA,,Medicine,,bottle,No,10,Bottle,,,,,,,,1
SYRINGE-10ML KANA-V,,Medicine,,bottle,No,10,Bottle,,,,,,,,1
SYRINGE-20ML KANA,,Medicine,,bottle,No,10,Bottle,,,,,,,,1
SYSCAN-200MG,,Medicine,,tablet,No,100,Tablet,,Strip,10,,Box,10,,2
T-ZINE-10MG,,Medicine,,tablet,No,100,Tablet,,Strip,10,,Box,10,,2
T.T. INJ.,,Medicine,,vial,No,10,Vial,,,,,,,,1
T4 100,,Medicine,,tablet,No,100,Tablet,,Strip,10,,Box,10,,2
T4 25,,Medicine,,tablet,No,100,Tablet,,Strip,10,,Box,10,,2
TAMBY CAP,,Medicine,,capsule,No,100,Capsule,,Strip,10,,Box,10,,2
TAMSULIN 0.4,,Medicine,,tablet,No,100,Tablet,,Strip,10,,Box,10,,2
TELMI-H,,Medicine,,tablet,No,100,Tablet,,Strip,10,,Box,10,,2
TELSARTAN AM,,Medicine,,tablet,No,100,Tablet,,Strip,10,,Box,10,,2
TELTOP 20,,Medicine,,tablet,No,100,Tablet,,Strip,10,,Box,10,,2
TENEPRIDE-20,,Medicine,,tablet,No,100,Tablet,,Strip,10,,Box,10,,2
TERITOP OINT,,Medicine,,tube,No,6,Tube,,,,,,,,1
TGR-160MG,,Medicine,,tablet,No,100,Tablet,,Strip,10,,Box,10,,2
THERMOMETER RECTAL,,Medicine,,tablet,No,100,Tablet,,Strip,10,,Box,10,,2
THERMOMETER ROOM,,Medicine,,tablet,No,100,Tablet,,Strip,10,,Box,10,,2
THERMOSEAL RA 100GM.,,Medicine,,tablet,No,100,Tablet,,Strip,10,,Box,10,,2
THIAVIT 100 MG,,Medicine,,tablet,No,100,Tablet,,Strip,10,,Box,10,,2
THIOCOS TAB,,Medicine,,tablet,No,100,Tablet,,Strip,10,,Box,10,,2
THOPLO 320MM ALLOW,,Medicine,,tablet,No,100,Tablet,,Strip,10,,Box,10,,2
THOPLO GREEN,,Medicine,,tablet,No,100,Tablet,,Strip,10,,Box,10,,2
THOPLO RED,,Medicine,,tablet,No,100,Tablet,,Strip,10,,Box,10,,2
THROMBOPHOB OINT.,,Medicine,,tube,No,6,Tube,,,,,,,,1
THUMB SILICON PACIFIER,,Medicine,,tablet,No,100,Tablet,,Strip,10,,Box,10,,2
THUMB SPICA SPLINT LARGE-P,,Medicine,,tablet,No,100,Tablet,,Strip,10,,Box,10,,2
THYROLAR 50,,Medicine,,tablet,No,100,Tablet,,Strip,10,,Box,10,,2
THYROLAR 75 MG,,Medicine,,tablet,No,100,Tablet,,Strip,10,,Box,10,,2
THYRONICS 50,,Medicine,,tablet,No,100,Tablet,,Strip,10,,Box,10,,2
TILVIT INJ.,,Medicine,,vial,No,10,Vial,,,,,,,,1
TIOVA ROTACAPS,,Medicine,,box,No,5,Inhaler,,,,,,,,1
TIPIN 100 MG,,Medicine,,tablet,No,100,Tablet,,Strip,10,,Box,10,,2
TISSUE PAPER (2PLY {SAFETY SOFT}),,Medicine,,tablet,No,100,Tablet,,Strip,10,,Box,10,,2
TIZAFLAM TAB,,Medicine,,tablet,No,100,Tablet,,Strip,10,,Box,10,,2
TIZPA-2MG,,Medicine,,tablet,No,100,Tablet,,Strip,10,,Box,10,,2
TOBACIN EYE DROPS,,Medicine,,drops,No,6,Bottle,,,,,,,,1
TOILET PAPER,,Medicine,,tablet,No,100,Tablet,,Strip,10,,Box,10,,2
TONGUE DEPRESSOR,,Medicine,,tablet,No,100,Tablet,,Strip,10,,Box,10,,2
TOOTH BRUSH ALPHA,,Medicine,,tablet,No,100,Tablet,,Strip,10,,Box,10,,2
TORCEF 50 DS,,Medicine,,tablet,No,100,Tablet,,Strip,10,,Box,10,,2
TORCEF DROPS,,Medicine,,drops,No,6,Bottle,,,,,,,,1
TORSIMED 20 MG,,Medicine,,tablet,No,100,Tablet,,Strip,10,,Box,10,,2
TORVATE-300MG,,Medicine,,tablet,No,100,Tablet,,Strip,10,,Box,10,,2
TRANAREST-500MG,,Medicine,,tablet,No,100,Tablet,,Strip,10,,Box,10,,2
TRIAD-10MG,,Medicine,,tablet,No,100,Tablet,,Strip,10,,Box,10,,2
TRIAD-25MG,,Medicine,,tablet,No,100,Tablet,,Strip,10,,Box,10,,2
TRIAVIT TABLETS,,Medicine,,tablet,No,100,Tablet,,Strip,10,,Box,10,,2
TRICAINE MPS GEL 200ML,,Medicine,,tube,No,6,Tube,,,,,,,,1
TRICEF-200MG,,Medicine,,tablet,No,100,Tablet,,Strip,10,,Box,10,,2
TRICHEK 160,,Medicine,,tablet,No,100,Tablet,,Strip,10,,Box,10,,2
TRIPLIN-10MG,,Medicine,,tablet,No,100,Tablet,,Strip,10,,Box,10,,2
TROPICA EYE DROP,,Medicine,,drops,No,6,Bottle,,,,,,,,1
TULASI COUGH SYRUP,,Medicine,,bottle,No,10,Bottle,,,,,,,,1
TURBOVAS-10MG,,Medicine,,tablet,No,100,Tablet,,Strip,10,,Box,10,,2
TUSQ-DX SYRUP,,Medicine,,bottle,No,10,Bottle,,,,,,,,1
TUSQ-P DROPS,,Medicine,,drops,No,6,Bottle,,,,,,,,1
TUSQ-X EXPECTORANT,,Medicine,,tablet,No,100,Tablet,,Strip,10,,Box,10,,2
TUVIT GOLD MULTIVITAMIN,,Medicine,,tablet,No,100,Tablet,,Strip,10,,Box,10,,2
ULCICLAR-500MG,,Medicine,,tablet,No,100,Tablet,,Strip,10,,Box,10,,2
ULGEL-170ML SUSP.,,Medicine,,bottle,No,10,Bottle,,,,,,,,1
ULTRANAC SR 200 MG,,Medicine,,tablet,No,100,Tablet,,Strip,10,,Box,10,,2
URIBID-100MG,,Medicine,,tablet,No,100,Tablet,,Strip,10,,Box,10,,2
URINE BAG-V,,Medicine,,tablet,No,100,Tablet,,Strip,10,,Box,10,,2
URSETOR 300 MG,,Medicine,,tablet,No,100,Tablet,,Strip,10,,Box,10,,2
UTICEF-100 MG (DRY SYRUP ),,Medicine,,bottle,No,10,Bottle,,,,,,,,1
UTICEF-200 MG,,Medicine,,tablet,No,100,Tablet,,Strip,10,,Box,10,,2
UTICEF-400 MG,,Medicine,,tablet,No,100,Tablet,,Strip,10,,Box,10,,2
UV CURB SUN CREAM,,Medicine,,tube,No,6,Tube,,,,,,,,1
UV DOUX 100 G,,Medicine,,tablet,No,100,Tablet,,Strip,10,,Box,10,,2
UV DOUX 50 G,,Medicine,,tablet,No,100,Tablet,,Strip,10,,Box,10,,2
V WASH,,Medicine,,bottle,No,10,Bottle,,,,,,,,1
V-CARE,,Medicine,,tablet,No,100,Tablet,,Strip,10,,Box,10,,2
V-ROTHO EYE DROP,,Medicine,,drops,No,6,Bottle,,,,,,,,1
V. ROHTO VITAMIN,,Medicine,,tablet,No,100,Tablet,,Strip,10,,Box,10,,2
VAGI WASH,,Medicine,,bottle,No,10,Bottle,,,,,,,,1
VALPES 1000,,Medicine,,tablet,No,100,Tablet,,Strip,10,,Box,10,,2
VAPORUB VICKS- 10G.,,Medicine,,tablet,No,100,Tablet,,Strip,10,,Box,10,,2
VAPORUB VICKS- 25G,,Medicine,,tablet,No,100,Tablet,,Strip,10,,Box,10,,2
VAPORUB VICKS- 50G,,Medicine,,tablet,No,100,Tablet,,Strip,10,,Box,10,,2
VAPORUB VICKS- 5G,,Medicine,,tablet,No,100,Tablet,,Strip,10,,Box,10,,2
VASELINE PERTOLEUM JELLY 100 ML,,Medicine,,bottle,No,10,Bottle,,,,,,,,1
VASELINE PET.JELLY(SURYAMUKHI)-50 ML,,Medicine,,bottle,No,10,Bottle,,,,,,,,1
VASELINE(AMAR) 25G.,,Medicine,,tablet,No,100,Tablet,,Strip,10,,Box,10,,2
VASO RUB(BALM)-25ML,,Medicine,,tube,No,6,Tube,,,,,,,,1
VASODRYL EXP.,,Medicine,,tablet,No,100,Tablet,,Strip,10,,Box,10,,2
VASODRYL PADIATRIC -50ML,,Medicine,,bottle,No,10,Bottle,,,,,,,,1
VASODRYL PLUS,,Medicine,,tablet,No,100,Tablet,,Strip,10,,Box,10,,2
VASORUB,,Medicine,,tablet,No,100,Tablet,,Strip,10,,Box,10,,2
VASORUB 25G,,Medicine,,tablet,No,100,Tablet,,Strip,10,,Box,10,,2
VASTATIN 10,,Medicine,,tablet,No,100,Tablet,,Strip,10,,Box,10,,2
VASTATIN-5,,Medicine,,tablet,No,100,Tablet,,Strip,10,,Box,10,,2
VEET 30G,,Medicine,,tablet,No,100,Tablet,,Strip,10,,Box,10,,2
VEGAMIN-P-1500 MG,,Medicine,,tablet,No,100,Tablet,,Strip,10,,Box,10,,2
VENIZ XR-37.5MG,,Medicine,,tablet,No,100,Tablet,,Strip,10,,Box,10,,2
VERBET-16MG,,Medicine,,tablet,No,100,Tablet,,Strip,10,,Box,10,,2
VERSA 25 MG,,Medicine,,tablet,No,100,Tablet,,Strip,10,,Box,10,,2
VERSA 50 MG,,Medicine,,tablet,No,100,Tablet,,Strip,10,,Box,10,,2
VICKSRUB 10 ML,,Medicine,,bottle,No,10,Bottle,,,,,,,,1
VIGORAN CAP,,Medicine,,capsule,No,100,Capsule,,Strip,10,,Box,10,,2
VIGORAN SYRUP 100ML,,Medicine,,bottle,No,10,Bottle,,,,,,,,1
VIGORAN SYRUP-200ML,,Medicine,,bottle,No,10,Bottle,,,,,,,,1
VIT D 800,,Medicine,,tablet,No,100,Tablet,,Strip,10,,Box,10,,2
VITACOR TAB,,Medicine,,tablet,No,100,Tablet,,Strip,10,,Box,10,,2
VITAL -200ML,,Medicine,,bottle,No,10,Bottle,,,,,,,,1
VIVA -500GR.,,Medicine,,tablet,No,100,Tablet,,Strip,10,,Box,10,,2
VIZILAC GG,,Medicine,,tablet,No,100,Tablet,,Strip,10,,Box,10,,2
VOBOSE-0.3,,Medicine,,tablet,No,100,Tablet,,Strip,10,,Box,10,,2
VOCET SYP,,Medicine,,bottle,No,10,Bottle,,,,,,,,1
VOCET TAB,,Medicine,,tablet,No,100,Tablet,,Strip,10,,Box,10,,2
VOGLI 0.3,,Medicine,,tablet,No,100,Tablet,,Strip,10,,Box,10,,2
VOGLIGEM 0.2,,Medicine,,tablet,No,100,Tablet,,Strip,10,,Box,10,,2
VOGLIGEM 0.3,,Medicine,,tablet,No,100,Tablet,,Strip,10,,Box,10,,2
VOMINE -25,,Medicine,,tablet,No,100,Tablet,,Strip,10,,Box,10,,2
VOMIZ SYRUP-30ML,,Medicine,,bottle,No,10,Bottle,,,,,,,,1
WEIGHT MACHINE,,Medicine,,tablet,No,100,Tablet,,Strip,10,,Box,10,,2
WHISPAD 6 PC,,Medicine,,tablet,No,100,Tablet,,Strip,10,,Box,10,,2
WHISPER GREEN,,Medicine,,tablet,No,100,Tablet,,Strip,10,,Box,10,,2
WHISPER ULTRA 8'S,,Medicine,,tablet,No,100,Tablet,,Strip,10,,Box,10,,2
WINOLAP DS,,Medicine,,tablet,No,100,Tablet,,Strip,10,,Box,10,,2
WINSKIN CREAM,,Medicine,,tube,No,6,Tube,,,,,,,,1
WIPES EVORA,,Medicine,,tablet,No,100,Tablet,,Strip,10,,Box,10,,2
WORMEX 10 Ml,,Medicine,,bottle,No,10,Bottle,,,,,,,,1
WORMEX-400 MG,,Medicine,,tablet,No,100,Tablet,,Strip,10,,Box,10,,2
X RAY,,Medicine,,tablet,No,100,Tablet,,Strip,10,,Box,10,,2
X-RAY OF SHOULDER AP/LAT,,Medicine,,tablet,No,100,Tablet,,Strip,10,,Box,10,,2
XCAR GEL,,Medicine,,tube,No,6,Tube,,,,,,,,1
XECEF 500 MG,,Medicine,,tablet,No,100,Tablet,,Strip,10,,Box,10,,2
XILCEF DRY SYRUP 30ML,,Medicine,,bottle,No,10,Bottle,,,,,,,,1
XILCEF-500MG,,Medicine,,tablet,No,100,Tablet,,Strip,10,,Box,10,,2
XONE 2GM INJ.,,Medicine,,vial,No,10,Vial,,,,,,,,1
XONE-1GM INJ.,,Medicine,,vial,No,10,Vial,,,,,,,,1
ZANDU BALM ( REGULAR ),,Medicine,,tube,No,6,Tube,,,,,,,,1
ZANDU BALM (ULTRA POWER),,Medicine,,tube,No,6,Tube,,,,,,,,1
ZANTOR 40,,Medicine,,tablet,No,100,Tablet,,Strip,10,,Box,10,,2
ZEBITA XT,,Medicine,,tablet,No,100,Tablet,,Strip,10,,Box,10,,2
ZEET DX SYRUP,,Medicine,,bottle,No,10,Bottle,,,,,,,,1
ZENEGRA-50 MG,,Medicine,,tablet,No,100,Tablet,,Strip,10,,Box,10,,2
ZENOXA-300MG,,Medicine,,tablet,No,100,Tablet,,Strip,10,,Box,10,,2
ZERONAC TAB,,Medicine,,tablet,No,100,Tablet,,Strip,10,,Box,10,,2
ZIGZAG COTTON-100GR.,,Medicine,,tablet,No,100,Tablet,,Strip,10,,Box,10,,2
ZIGZAG COTTON-50GR.,,Medicine,,tablet,No,100,Tablet,,Strip,10,,Box,10,,2
ZINCOMINE 60ML,,Medicine,,bottle,No,10,Bottle,,,,,,,,1
ZITIN-1000MG,,Medicine,,tablet,No,100,Tablet,,Strip,10,,Box,10,,2
ZOCLAVE 625 MG,,Medicine,,tablet,No,100,Tablet,,Strip,10,,Box,10,,2
ZOL 20 MG,,Medicine,,tablet,No,100,Tablet,,Strip,10,,Box,10,,2
ZOLAMIDE 250MG,,Medicine,,tablet,No,100,Tablet,,Strip,10,,Box,10,,2
ZOSERT-25MG,,Medicine,,tablet,No,100,Tablet,,Strip,10,,Box,10,,2
ZOSERT-50MG,,Medicine,,tablet,No,100,Tablet,,Strip,10,,Box,10,,2
ZOXAN EYE OINTMENT,,Medicine,,tube,No,6,Tube,,,,,,,,1
ZULID-500MG,,Medicine,,tablet,No,100,Tablet,,Strip,10,,Box,10,,2
ZYDIP LOTION,,Medicine,,bottle,No,10,Bottle,,,,,,,,1
ZYTEE OINT,,Medicine,,tube,No,6,Tube,,,,,,,,1
